item_id,units_sold,revenue,sale_date
I14204,1319,1.6597942091E8,
I18135,1128,4.711298506E7,
I18173,1677,1.2045315661E8,
I18693,1768,2.1039704782E8,
I34567,407,2302399.25,2030-01-01
I34954,1760,9.65318693E7,2030-01-01
I37228,722,8.076389336E7,
I39720,1979,1.6650036074E8,2030-01-01
I39892,1556,4.511500767E7,
I40939,1709,1.4871672517E8,2030-01-01
I50914,-1525,5.422030847E7,2025-09-20
I52161,1742,2.577640184E7,2030-01-01
I52780,861,7.383349742E7,2030-01-01
I53716,1699,2.0797705518E8,
I73759,1061,2.238397822E7,2030-01-01
I73927,-1431,1.4848681455E8,2025-10-21
I74261,672,1.552523383E7,2030-01-01
I80885,-814,6.000855429E7,2025-10-02
I83262,-710,2.402359338E7,2025-09-29
I84978,103,9299234.27,2030-01-01
I87048,1342,1.3834966105E8,
I87163,-1298,1.3391845624E8,2025-10-15
I88142,1640,5428735.81,
I89655,1042,1.3213783227E8,
I98050,637,4.082517529E7,
I99310,349,1.431849051E7,2030-01-01
I106149,1133,7343382.5,
I109665,-1136,9.189074839E7,2025-09-25
I113752,983,1.4423859777E8,2030-01-01
I115435,-1432,1.4423906625E8,2025-10-28
I117664,-594,4.785656701E7,2025-10-14
I124348,-1064,4.374381969E7,2025-09-13
I14183,1609,3.853633846E7,2030-01-01
I18283,1275,2.765682365E7,2030-01-01
,1071,9769156.51,2025-10-29
I11938,308,3.847623889E7,
I12275,1638,1.2132010901E8,
I13718,1823,5.510403416E7,
I14969,663,4.856699073E7,
I18725,1378,7.430103098E7,
I35847,228,3.183554567E7,2030-01-01
I39116,-1231,1.6524068165E8,2025-09-21
I47985,1936,5.790303871E7,2030-01-01
I57425,187,1.340577187E7,
I59883,227,1.988220117E7,
I60861,-1507,1.8411631512E8,2025-10-09
I61400,644,8.33915527E7,2030-01-01
I67747,1031,5.907411673E7,2030-01-01
I71411,1082,1.1201676833E8,2030-01-01
I75197,459,3.770381408E7,
I76158,-437,4.097235141E7,2025-10-19
I81155,819,3.755122356E7,2030-01-01
I85219,1487,8745985.0,
I85880,87,2199925.12,
I94685,803,2.442398761E7,2030-01-01
I98193,438,2.859168451E7,2030-01-01
I100568,1808,2.5981092162E8,
I107556,1705,5.555887774E7,2030-01-01
I110110,1567,1.5608116681E8,2030-01-01
I117182,580,1.978835312E7,2030-01-01
I123175,1731,5.143263318E7,
I126107,1585,1.0669799157E8,
I127043,1678,1.4844948398E8,
I21571,805,6.549677246E7,2030-01-01
I12819,85,6336918.54,
I30282,603,4.462811024E7,2030-01-01
I39341,1968,2.189553463E7,
I47771,1246,5636967.23,2030-01-01
I49753,1847,2.3324485098E8,2030-01-01
I64054,-1175,1.7012583672E8,2025-10-17
I69742,-1494,1.5469058959E8,2025-10-29
I82803,-1955,1.7046490111E8,2025-09-29
I83056,1658,6.050770502E7,
I84255,379,3854330.22,2030-01-01
I88542,1097,1.5376029396E8,
I91247,333,1.330192227E7,
I93136,-615,7.407509904E7,2025-10-04
I99496,663,7.099488105E7,
I102212,1571,1.3323627758E8,
I102425,875,9.96858432E7,2030-01-01
I105074,715,4.201128749E7,
I106865,877,1.2220632444E8,2030-01-01
I109165,987,1.2557956666E8,
I119445,474,5.859223037E7,2030-01-01
I123347,-222,1.021414305E7,2025-09-24
I125065,203,1.142309819E7,2030-01-01
I126224,1602,1.6700753032E8,2030-01-01
I11348,1560,1.5020729742E8,
I11722,1979,4446757.24,
I16335,1183,1.3608170247E8,
I21017,70,0.0,
I23433,-1582,1.273684228E8,2025-10-15
I24458,1173,1.6791757355E8,
I25325,-1923,4.915999165E7,2025-10-18
I33615,468,3.052061093E7,
I34378,1847,2.4444054399E8,
I38868,-984,4435540.99,2025-09-21
I42228,-331,2.001023723E7,2030-01-01
I47769,760,7.53744794E7,2030-01-01
I53471,-506,0.0,
I61320,-1060,1.2149936733E8,2025-09-24
I67369,1065,5.219924794E7,2030-01-01
I68139,548,5.657782136E7,2030-01-01
I71088,788,2.287931512E7,2030-01-01
I71838,1791,2567319.48,
I75139,881,7.062233505E7,
I79668,-842,6.780838178E7,2025-09-14
I81413,-717,1.938057984E7,2025-10-07
I86399,84,8787031.32,2030-01-01
I86741,1503,2.0620632733E8,
I87573,-1324,1.3246208686E8,2025-10-15
I88748,1326,8.063697028E7,
I88766,393,4.493489499E7,2030-01-01
I89135,1730,2.458646279E8,
I90526,1915,8.229536514E7,
I94561,1421,2.675556571E7,
I101214,-948,3.704102623E7,2025-10-10
I106133,481,1.740283777E7,2030-01-01
I112650,-1630,2.043444155E8,2025-09-13
I114394,-1611,1.5517390485E8,2025-10-21
I122484,1241,1.5894385546E8,2030-01-01
I123384,75,1.097392508E7,2030-01-01
I127244,804,4944006.14,
I15067,1592,3.649294314E7,2030-01-01
I16323,-1815,1.439427099E8,2025-09-21
I18010,-998,6.517411545E7,2025-10-29
I19927,968,8.707406617E7,2030-01-01
I22792,1824,2.843758211E7,2030-01-01
I27158,99,1.155746958E7,2030-01-01
I35140,1360,5.584898727E7,
I35598,1915,9.844231481E7,2030-01-01
I35624,1576,1.7357470897E8,
I38082,1458,1.1471604522E8,2030-01-01
I43456,852,3377229.29,
I44698,1728,1.23412059E7,
I48479,292,3567239.18,
I50431,541,6910513.0,2030-01-01
I56880,593,7595280.08,2030-01-01
I67460,943,9079771.69,
I73856,1762,2.0861925723E8,
I80545,-1420,1.8689379437E8,2025-10-14
I86128,422,3.139134541E7,
I86133,960,5537301.94,
I87399,1251,6.330709337E7,2030-01-01
I87787,763,9.466043694E7,2030-01-01
I88375,-1209,1.5896432232E8,2025-09-18
I88756,-1796,2.1927306208E8,2025-09-10
I88780,231,3.265344648E7,
I91267,-633,9.319331853E7,2025-09-22
I92300,1220,1.5903768858E8,2030-01-01
I96000,608,1.160577541E7,2030-01-01
I96727,858,3.646374582E7,2030-01-01
I98158,-428,4.13906528E7,2025-10-30
I99587,1521,1.1272929478E8,
I100988,-470,6.655975469E7,2025-09-13
I102475,-1297,1.1666649553E8,2025-09-22
I104530,295,3390952.12,2030-01-01
I104814,187,4107823.81,2030-01-01
I108904,1193,7.021043589E7,2030-01-01
I113340,119,3571305.73,2030-01-01
I116678,1069,9.659411948E7,2030-01-01
I126723,-860,1.2856698876E8,2025-09-30
I127254,1321,1.9170031856E8,2030-01-01
I11224,-670,8.888063529E7,2025-10-28
I12121,1416,1.9702204492E8,2030-01-01
I14130,815,9.497331361E7,2030-01-01
I23828,1956,2.3896148275E8,
I27637,226,2.797980559E7,2030-01-01
I29804,537,9680640.97,
I31084,1459,1.2175504315E8,2030-01-01
I31630,1385,3.356892333E7,
I36716,919,1.774101508E7,2030-01-01
I41268,1550,1.6090728642E8,
I46640,1078,7.982697682E7,
I57866,759,4.110813417E7,2030-01-01
I63369,-1533,1.1723859711E8,2025-09-24
I63928,1055,5.954236703E7,
I66719,509,940778.11,2030-01-01
I66833,-1609,7.411583248E7,2025-10-27
I67728,1188,7.938124152E7,
I73702,-1351,1.8491477948E8,2025-10-21
I84961,156,1.972078511E7,
I94597,-756,1.0550410014E8,2025-09-11
I99076,-1799,7.763886031E7,2025-10-22
I102304,-1004,1.4710148309E8,2025-09-05
I104709,-73,5106319.12,2025-09-03
I109278,63,3913733.51,2030-01-01
I110901,1892,2.5745892951E8,2030-01-01
I111629,-1541,6.437504102E7,2025-09-29
I115837,1521,1.582999363E8,2030-01-01
I18994,-802,4881208.95,2025-10-08
I11147,1974,7338401.4,
I20337,1712,2.4713869242E8,
I21483,270,5639389.67,
I25704,1088,4.135795953E7,
I25807,1432,2.093576097E7,
I31000,658,2.858722353E7,2030-01-01
I58269,-87,2363486.17,2025-10-25
I59048,1267,3534352.18,
I64187,678,8.239110796E7,2030-01-01
I65552,1790,1.2546910225E8,2030-01-01
I74290,805,1.1135778474E8,
I75485,-1727,9.216273924E7,2025-10-11
I81250,1181,1.6375079284E8,
I83301,1258,2.208840697E7,2030-01-01
I87630,787,1.1186445599E8,
I89247,1982,5.863014204E7,2030-01-01
I92994,538,4.243400445E7,
I95566,-586,5.911488328E7,2025-09-13
I100753,-1265,8.264199723E7,2025-10-23
I102798,-957,4.110186967E7,2025-09-22
I104071,90,2253337.31,
I108270,1319,1.4702075417E8,
I112674,1883,2.15422538E7,2030-01-01
I113487,459,0.0,2030-01-01
I117223,1691,9.445544622E7,2030-01-01
I121302,1597,2.613158305E7,2030-01-01
I127817,1379,2.0003472905E8,
I21354,97,4996627.92,2030-01-01
I22267,285,1.411628609E7,2030-01-01
,633,3.529698012E7,2025-09-02
I12665,843,6.535260208E7,
,385,1.722919444E7,2025-09-22
I16921,618,7.209777309E7,
,744,1.71788229E7,2025-10-25
I29122,-308,3.336923091E7,2025-10-25
I33962,330,1.382203939E7,2030-01-01
I35458,455,6.823067166E7,
I36122,803,7.793207978E7,
I40654,420,5.975417289E7,2030-01-01
I42190,-628,3.511393616E7,
I42808,1616,1.0498803396E8,2030-01-01
I48696,655,4.845950577E7,2030-01-01
I54063,-927,1.1778283927E8,2025-10-28
I56065,983,2.897851788E7,2030-01-01
I58150,1018,8.105595414E7,
I61071,1580,6.049345704E7,2030-01-01
I67829,991,8.165476489E7,
I75036,-1998,1.8232696477E8,2025-10-11
I77598,520,6.083483064E7,2030-01-01
I83928,1057,1.0096758691E8,2030-01-01
I86556,-1347,0.0,2025-10-12
I88741,808,1.192478212E8,
I90123,-1638,2.34003182E7,2025-09-05
I92530,292,3.498729744E7,2030-01-01
I94505,1845,1.2365689398E8,
I106043,1369,1.3055349511E8,
I107717,229,2.173077691E7,
I109427,-450,5.495678082E7,2025-10-08
I110261,442,5.746830826E7,2030-01-01
I111846,-1811,2.007941756E8,2025-09-20
I111874,783,1.328379813E7,2030-01-01
I112577,764,2.517472362E7,
I122410,1787,2.350140255E7,
I124477,1008,1.3250072446E8,
I134079,1453,1.659775655E8,2030-01-01
I136267,-925,4.574278401E7,2025-10-09
I140230,610,3.337827589E7,
I145994,1878,1.59512966E7,
I150916,827,6.497155563E7,2030-01-01
I151788,1577,1.5063984665E8,
I156491,902,6985803.18,2030-01-01
I158597,1473,1.0669269514E8,
I169413,-1794,9.48384925E7,2025-10-20
I170750,1790,1.3074502013E8,
I173966,-607,8439374.29,2025-10-11
I175295,1850,2.6059624142E8,
I175701,426,5.867301463E7,2030-01-01
I176467,417,3.511995945E7,2030-01-01
I179862,-413,1.084839842E7,2025-10-21
I180103,1102,1.5878782286E8,2030-01-01
I188394,1052,1.1651472748E8,
I193271,-1646,4.605997721E7,2025-10-09
I211421,347,0.0,
I212539,1781,4.842846422E7,2030-01-01
I225603,86,4038908.8,2030-01-01
I227229,-856,0.0,2025-10-18
I229485,1030,1.1600486563E8,2030-01-01
I230320,199,4176864.75,2030-01-01
I234603,218,8551102.53,
I235998,1068,1.0175310952E8,
I240190,-777,5.234913754E7,2025-10-15
I242791,-1509,3.0674958E7,2025-10-05
I243315,561,2.526182169E7,
I131860,-683,5.098194182E7,2025-10-10
I138234,-1477,5.666667501E7,2025-10-29
I138980,645,6.273859694E7,
I142130,-306,3.346488054E7,2025-09-22
I148513,1592,1.5835823226E8,
I148638,1162,1.781557489E7,2030-01-01
I150871,350,4.013569736E7,
I152686,-338,2061358.65,2025-10-17
I155853,-1293,7.390026579E7,2025-09-01
I160619,1557,1.102575869E8,
I164868,-1475,7.092199048E7,2025-09-05
I165362,-838,9.695699606E7,2025-10-03
I165663,1619,7.861089268E7,
I167045,1051,1.0835526936E8,2030-01-01
I168794,53,3311819.21,
I178157,303,3.643506388E7,
I178683,464,2.974840531E7,
I184883,-1488,1.7811072769E8,2025-09-04
I186858,-1067,7338178.64,2025-09-12
I187674,1462,1.3719869587E8,
I200721,-1037,4.96907274E7,2025-09-12
I202400,1396,1.5336975849E8,2030-01-01
I204831,961,8.909941076E7,2030-01-01
I205898,-1002,4.97050383E7,2025-09-23
I207409,-402,1.595476079E7,2025-10-01
I209852,-1520,1.1788769654E8,2025-10-28
I212685,-1443,1.7745905692E8,2025-10-10
I215846,1828,2.0774179731E8,
I218378,-418,5.115944603E7,2025-10-24
I221764,-564,2.983962621E7,2025-10-30
I221950,1379,8.521110995E7,2030-01-01
I223149,-1957,6.418764426E7,2025-09-21
I223231,-1157,7.282713432E7,2025-09-10
I226609,1443,1.434842603E7,2030-01-01
I227912,473,2.245540122E7,2030-01-01
I232053,816,7.300388866E7,2030-01-01
I232734,-1648,1.166342164E8,2025-09-21
I235670,1235,6.386445833E7,2030-01-01
I238487,-745,4.666634265E7,2025-10-31
I239165,1105,9.83915121E7,
I239709,-68,1177223.87,2025-10-06
I242579,855,1546669.5,
I133304,1438,2.97269288E7,2030-01-01
I133757,1092,1.0846476974E8,2030-01-01
I136386,-864,3.371450493E7,2025-10-26
I137936,-1480,6.910729539E7,2025-09-09
I139641,1020,1.602240734E7,2030-01-01
I144401,1918,2.4221263384E8,2030-01-01
I153860,-1320,4.231769724E7,2025-09-18
I166130,1336,1.3948950645E8,2030-01-01
I166810,-1664,9.331072924E7,2025-09-08
I168847,83,7695924.1,2030-01-01
I174169,-871,8.700992356E7,2025-10-31
I175769,1918,1.0118170988E8,
I180565,1689,8.624227358E7,2030-01-01
I185106,124,5117502.64,
I190426,-889,0.0,2025-10-06
I190498,221,2.447739138E7,
I193527,819,5.67641201E7,
I193545,1765,8.26461551E7,
I198375,1747,2.0502785489E8,
I199939,1392,1.3122129304E8,2030-01-01
I202108,183,1.894595819E7,
I204851,375,0.0,
I206704,-913,1.0270326304E8,2025-10-10
I207070,-502,6.775061114E7,
I209843,562,3.166876696E7,2030-01-01
I212566,796,6.428993492E7,2030-01-01
I216440,978,1.0057661104E8,
I217219,1909,1.8992833514E8,2030-01-01
I223746,158,1.514412861E7,2030-01-01
I227787,-1371,1.9439661352E8,2025-10-15
I227996,1044,5.750287553E7,2030-01-01
I131888,701,8002905.66,2030-01-01
I132750,1164,1.6682348532E8,2030-01-01
I133894,-676,1190343.1,2025-10-15
I135424,264,6980497.44,
I140941,-1306,1.6470223658E8,2025-09-11
I146994,-1430,1.7027548687E8,2025-10-06
I147090,-1778,4.463227496E7,2025-09-23
I148963,-1842,2.0289173077E8,2025-10-17
I149785,-1426,2.503068557E7,
I162577,-515,2.017437617E7,2030-01-01
I166195,-1022,7.363958498E7,2025-09-19
I166334,300,1.781948662E7,2030-01-01
I175299,1985,4.457864265E7,
I180554,-1701,6.323228341E7,2025-09-21
I185741,996,4.277654602E7,
I186923,1236,1.447839741E8,2030-01-01
I192538,437,6.258884936E7,2030-01-01
I192656,969,3.206877544E7,
I194127,1118,749130.12,
I197803,916,5.839378201E7,2030-01-01
I198150,-1731,1.6302215776E8,
I201811,1295,1.0889155764E8,2030-01-01
I203695,-523,3.362331905E7,2025-09-08
I208860,1732,1.4401550268E8,2030-01-01
I208874,1002,1.084477766E8,
I209078,608,7.418430087E7,
I220644,417,5.753825734E7,
I223331,827,1.0320266963E8,
I225140,-1197,2546375.74,2025-10-02
I225600,1273,6.502444198E7,2030-01-01
I232503,1860,2.4054350807E8,2030-01-01
I236082,500,3.165759988E7,2030-01-01
I238771,-1235,1.721635923E8,2025-10-16
I240267,1762,9.616353098E7,
I240473,1391,2.0558207211E8,
I128983,-1230,1.0982775941E8,2025-09-15
I131011,1242,1.1323424519E8,2030-01-01
I136594,123,9477872.19,2030-01-01
I131494,800,1.0162965455E8,
I132062,675,3.678619026E7,
I136524,1738,1.618167624E7,
I141818,-715,1.952385985E7,2025-10-07
I143187,1862,2.1168393919E8,
I146115,1063,1.4877735594E8,2030-01-01
I150056,1666,2.0398229327E8,2030-01-01
I150248,1489,1.2261798816E8,
I155054,400,8715320.76,2030-01-01
I157519,-892,9260997.84,2025-09-18
I159172,1571,9.502256123E7,2030-01-01
I160708,955,7.017125375E7,
I164989,-1888,1.2155634721E8,2025-09-30
I166744,973,2.064870304E7,2030-01-01
I167871,696,4.557585449E7,
I172323,514,2.984524879E7,2030-01-01
I174720,592,3.312951628E7,2030-01-01
I180285,1876,1.7953990426E8,2030-01-01
I181642,-438,3.606628126E7,2025-10-23
I183364,1503,8.767050079E7,2030-01-01
I188445,1068,5.418454091E7,
I190721,-1375,1.1848085281E8,
I192276,-524,0.0,2025-09-16
I195140,-1415,3.502988803E7,2025-10-08
I197394,486,7.171770342E7,
I200496,385,3.604348434E7,2030-01-01
I208772,724,9.998166614E7,
I212928,1106,8.419082957E7,2030-01-01
I213329,125,8435624.48,
I215750,704,5.857664521E7,
I220253,1720,0.0,
I224270,1252,6.610725958E7,
I225696,842,8.917305751E7,2030-01-01
I227640,1418,1.4799026012E8,2030-01-01
I232280,1314,1.3015891734E8,2030-01-01
I233863,-1405,1.4811255268E8,2025-10-13
I238756,-1153,3.883233408E7,2025-09-04
I239051,681,2.854222149E7,2030-01-01
I128982,815,2.887975797E7,2030-01-01
I135049,1086,1.4311507876E8,2030-01-01
I136158,-244,2291363.36,2030-01-01
I150800,734,7790886.78,2030-01-01
I155848,-944,1.1464748529E8,2025-09-04
I157890,1588,1.7318448688E8,2030-01-01
I159617,588,4.838074445E7,
I164924,1577,1.4412675658E8,2030-01-01
I165274,316,4548057.35,2030-01-01
I165470,1000,3.736957302E7,2030-01-01
I166241,-359,4.667328281E7,2025-09-12
I175992,672,5.881473605E7,
I177875,70,1.003919763E7,2030-01-01
I178655,395,3323305.95,2030-01-01
I180139,-1555,2.1801168158E8,2025-10-02
I180891,1733,1.6236174199E8,
I182676,1975,2.634968474E7,
I185049,1378,8.48365805E7,2030-01-01
I188320,1400,1.2156373884E8,
I194061,1571,2.514994162E7,
I195782,826,1.492927085E7,
I197376,1634,1.6847249502E8,2030-01-01
I202430,334,4.651373668E7,
I204570,403,2.865988844E7,2030-01-01
I207157,-926,2.356448922E7,2025-10-22
I207251,679,1.266465156E7,2030-01-01
I207630,1487,1.1442506807E8,2030-01-01
I207743,-481,1.158925694E7,2025-09-02
I209637,1983,6.058072212E7,2030-01-01
I209908,186,1.506527687E7,
I212469,405,3.657989787E7,2030-01-01
I213539,-566,8.09647052E7,2025-10-20
I214936,583,6.189267159E7,
I217039,-1282,9.592089443E7,2025-09-23
I221867,1622,3.465879053E7,
I221906,361,4.35457506E7,
I222441,-1677,1.0611999489E8,2030-01-01
I223878,457,2.480195701E7,
I229266,1283,0.0,2030-01-01
I230478,985,1.4629418543E8,2030-01-01
I234751,1507,1.983607333E8,2030-01-01
I234863,1325,1.6527097711E8,2030-01-01
I239080,1520,2.2003177901E8,2030-01-01
I241632,1531,1.6231482261E8,
I130524,-1346,7.100825736E7,2025-10-23
I131292,-669,5.28488643E7,2025-09-01
I134196,-1152,1.770438639E7,2025-09-30
I135232,-1492,2.1995400338E8,2025-10-06
I136096,399,3.768030151E7,2030-01-01
I139183,-1317,1.478945352E8,2025-09-28
I140970,1179,9.039603956E7,
I141517,1108,1.4266486743E8,2030-01-01
I145910,578,7.147556277E7,
I147567,935,1.046970884E8,2030-01-01
I148318,1480,1.4746968032E8,2030-01-01
I152554,686,9.349046583E7,2030-01-01
I153759,745,4.046469223E7,2030-01-01
I157572,-141,9550933.39,2025-10-21
I166160,1609,6.543439857E7,2030-01-01
I173020,679,1.226131575E7,
I179811,433,4.695226913E7,2030-01-01
I185801,-993,1.0316015192E8,2025-09-11
I186556,122,9333549.03,2030-01-01
I191722,1808,1.3283964296E8,
I195872,-133,1204877.81,2025-09-04
I195981,-1361,8.919970766E7,2025-10-01
I197754,954,1.037375254E8,2030-01-01
I201342,1091,0.0,2030-01-01
I201387,-1070,8.141398858E7,2025-09-16
I206649,-484,2.438382912E7,2025-10-03
I207397,1413,1.6527190998E8,
I208734,69,4749485.71,2030-01-01
I218680,-1375,1.1107713503E8,2025-10-12
I220386,-604,4.69080461E7,2025-10-08
I220580,-1144,1.4976261463E8,2025-09-16
I221730,-1907,2.5035009374E8,2025-10-01
I228405,658,1.931742769E7,
I234765,-1628,1.321105572E8,2025-09-12
I244036,-914,1.0002779064E8,2025-09-01
I132118,1775,2.6021082311E8,2030-01-01
I136550,-1266,1.832507939E7,2025-10-21
I137654,-671,9.649045537E7,2025-09-15
I135492,633,2.010702978E7,
I138660,136,1.630603747E7,
I150593,126,1.229202682E7,
I150667,1752,2.2586033199E8,2030-01-01
I151772,-567,3.836487089E7,2025-09-02
I157995,148,1316444.53,2030-01-01
I173259,1073,9.259565293E7,
I173921,1617,8.02748279E7,
I176452,-506,7.270946811E7,2025-10-16
I179720,-1812,1.0800761116E8,2025-09-17
I180632,616,688163.45,2030-01-01
I183376,-993,1.3308536896E8,2025-10-25
I183559,267,2.550704515E7,2030-01-01
I184789,574,3.006371913E7,2030-01-01
I188841,1821,1.4408083089E8,2030-01-01
I188884,-136,2236639.8,2025-09-11
I191091,1045,1.3868131275E8,
I191946,1770,2.4220597448E8,
I193638,-1893,1.8620290297E8,2025-09-28
I197020,873,1.2074517859E8,2030-01-01
I199509,-1312,1.0136713321E8,2025-09-17
I200948,1206,1.0002407521E8,
I208103,218,1.588655194E7,2030-01-01
I208659,1397,1.5210934383E8,2030-01-01
I208696,1284,5695827.15,2030-01-01
I210174,1183,1.1290575871E8,2030-01-01
I212193,750,0.0,2030-01-01
I218794,-309,3.757739292E7,2025-09-27
I222316,1421,1.7740801944E8,2030-01-01
I225803,-1828,1.6599940742E8,2025-09-15
I233678,-218,3.08296096E7,2025-09-02
I241465,702,7.080650496E7,
I244504,573,3564817.87,2030-01-01
I245000,-296,2.425707859E7,2025-10-13
I249360,-1558,1.4545477171E8,2025-09-11
I249635,-266,7154519.34,2025-10-08
I253511,1408,0.0,2030-01-01
I260721,1515,2.1539442975E8,
I269888,-1956,2.7419347367E8,2025-09-21
I271153,-1420,6143162.97,
I274722,1933,2.4692809591E8,
I276117,1825,1.4391384737E8,2030-01-01
I278079,1169,3.153915117E7,2030-01-01
I280307,-132,8377439.59,2025-10-20
I285911,1051,1.3928503202E8,2030-01-01
I288955,-1253,5.537730038E7,2025-09-14
I289565,1602,9.43794869E7,2030-01-01
I290309,92,9448992.28,
I298897,-1506,1.879751286E7,2025-10-22
I303321,-1384,1.591467741E8,2025-10-26
I304705,-1095,5.925648797E7,2025-10-26
I306833,1162,6798936.75,
I308224,1382,1.3853052754E8,2030-01-01
I309779,306,1.848092379E7,
I310805,-1215,3.863883991E7,2025-09-17
I311441,-965,1.1061065849E8,2025-10-14
I317129,1313,5.178779909E7,
I317354,697,1.442115599E7,
I317518,1800,9.75281688E7,
I318267,1033,6.923516774E7,2030-01-01
I319900,72,1094507.48,2030-01-01
I320790,-503,2.003207351E7,2025-10-14
I321803,1946,2.385243836E7,2030-01-01
I323142,609,5.624029793E7,
I332938,-1922,9.690430528E7,2025-09-20
I332957,817,7147883.27,2030-01-01
I334094,1770,1.6252531599E8,
I338411,-1072,1.4468710108E8,2025-09-18
I343185,-735,4302493.4,2025-09-03
I343193,1919,2.5425940517E8,2030-01-01
I343999,1022,1.0793006749E8,
I344578,1721,7.376332953E7,
I347626,-220,2.342720001E7,2025-10-09
I354735,1688,1.4546518944E8,
I250269,1693,4.296593354E7,2030-01-01
I250710,-143,1.98908827E7,2025-09-06
I250805,1224,6.959288582E7,2030-01-01
I248992,552,2649372.26,
I249399,1222,1.134766572E7,
I250522,-1623,1.385019887E7,
I263868,530,1.520156852E7,2030-01-01
I266778,1163,5.544752431E7,
I270265,187,1.891896839E7,
I270773,-1902,0.0,2025-09-03
I272198,-596,5.968504693E7,2025-09-05
I272227,552,5841826.37,
I273553,1160,5.677979536E7,2030-01-01
I273955,51,4178882.82,
I277910,62,3035577.83,2030-01-01
I281553,-1265,1.2978884645E8,2025-10-12
I283290,256,3.154986313E7,2030-01-01
I283857,701,4.062084055E7,
I300983,-1231,1.6566415996E8,2025-09-18
I305554,869,0.0,
I306199,-961,1.2502948308E8,2025-10-03
I306290,407,5.817631021E7,2030-01-01
I315669,1541,1.2629835472E8,
I316608,989,1.2006380476E8,
I317762,-458,3.37630993E7,2025-10-19
I323303,1492,1.0380056168E8,
I334053,944,1.427025351E7,2030-01-01
I337552,1784,8.462726802E7,
I348404,1347,1.7924053691E8,2030-01-01
I351974,623,3.360050028E7,
I352823,1159,1.3145348855E8,
I354103,-1059,1.5023448293E8,2025-10-18
I354980,-131,1.139671949E7,2025-09-20
I253606,-1964,7.015541451E7,2025-10-30
I253313,899,6063521.52,
I258413,703,1661917.32,
I263929,1980,1.4110365575E8,2030-01-01
I264100,-1610,1.043699786E8,2025-09-06
I265651,-1379,5.234285454E7,2025-10-06
I266554,-468,8783515.8,2025-09-29
I272532,-1829,2.6401245647E8,2025-09-10
I276949,-775,1.1397513449E8,2025-10-31
I280055,218,3.205407643E7,
I284623,-416,4.958203737E7,2025-09-02
I284839,-871,3.113712323E7,2025-10-27
I295467,-1621,2.3915240726E8,2025-09-26
I300554,-292,2334186.81,2025-09-09
I304598,1534,1.1440349675E8,2030-01-01
I310086,-1641,1.6893410976E8,2025-09-30
I315623,-635,2.729718308E7,2025-09-16
I320158,605,3.877424166E7,
I321089,-1673,1.9425935785E8,2025-10-22
I334580,710,8.772195038E7,
I341966,1137,1.4646980426E8,2030-01-01
I342963,799,1.756398357E7,2030-01-01
I345757,-1016,2.079436545E7,2025-10-01
I345817,1775,5.361511681E7,2030-01-01
I345969,1930,3.150296549E7,
I348572,-1953,2.9139278893E8,2025-10-12
I351382,1110,7.64739686E7,
I354774,137,6144605.42,
I356294,-431,1.163997103E7,2025-09-08
I358399,762,1.01188796E7,
I359819,349,2859589.79,
I247663,-1258,7.232296556E7,2025-09-24
I251846,-1322,8.595056924E7,2025-09-01
I254308,-670,8.199979766E7,2025-09-01
I258365,-804,8.976680761E7,2025-10-13
I259160,837,1.314510459E7,
I262738,978,0.0,2030-01-01
I268106,-479,6.513112468E7,2025-10-03
I269853,1600,8.163415633E7,
I274395,1848,4.186815859E7,
I280638,-578,7.703029167E7,2025-10-08
I283869,1463,1.51986589E7,
I285132,-683,3233953.36,2025-10-08
I286822,1475,1.6185223905E8,
I301028,1864,0.0,
I307657,909,1.2071966354E8,
I310789,477,7.040956342E7,2030-01-01
I313739,-960,2.773734567E7,2025-09-27
I319841,790,8.691917408E7,2030-01-01
I324927,-1828,8.737436322E7,2025-09-27
I327077,1146,1.3949289179E8,2030-01-01
I330111,-69,6403456.35,2025-10-04
I331967,-1033,2.911939026E7,2025-09-25
I333498,-219,1.543264318E7,2025-10-22
I335949,749,2.740547102E7,
I335999,1908,1.908715862E8,2030-01-01
I336655,1656,2.3325112714E8,
I338405,1745,1.2995185264E8,2030-01-01
I347323,-1410,4.351690574E7,2025-09-27
I349364,-860,3.869861031E7,2025-09-30
I350512,-1446,1.617505404E7,2025-10-01
I351055,1360,1.3240917266E8,
I351132,1560,2.527959155E7,2030-01-01
I351564,311,1.32049365E7,
I351717,1942,1.700386656E7,2030-01-01
I353401,1298,7.520382989E7,
I356935,-1600,1.956435724E8,2025-10-13
I251132,-1247,5.082523578E7,2025-10-22
I252045,-1197,1.3407044919E8,2025-10-17
I254551,491,5.823219444E7,2030-01-01
I254652,-1397,1.6106635069E8,2025-10-28
I255733,1026,1.0589489791E8,
I257538,232,1.49092692E7,
I265108,-762,1.1078444003E8,2025-10-24
I267168,117,1.238619196E7,
I268507,-761,6.231958512E7,2025-10-07
I274274,851,4.568174981E7,
I275888,741,1.0404649886E8,
I276937,1989,6.734435378E7,
I283343,1487,1.460216707E7,
I286106,1590,1.0158314928E8,
I291538,1515,1.728585221E8,
I292242,111,4268247.2,2030-01-01
I292963,1359,1.308266113E8,2030-01-01
I294699,1942,6.370188894E7,
I298425,1402,9.102018597E7,2030-01-01
I299127,-1503,1.9243259E8,2025-09-18
I299181,977,5.241855776E7,
I301991,788,5.758555702E7,2030-01-01
I303732,-1691,4.944399185E7,2025-09-13
I308924,-1600,1.1913789758E8,2025-10-11
I309423,1881,2.6764379126E8,
I323715,-479,5.334545107E7,2025-10-03
I335418,1259,1.8070436467E8,
I336083,173,682104.65,2030-01-01
I350400,-510,6.9214529E7,2025-10-18
I352211,629,9.246620986E7,2030-01-01
I353967,-379,4.056258195E7,2025-09-03
I354245,-1242,6.551340613E7,
I354295,1651,1.080311393E8,2030-01-01
I354382,1105,1.2178979979E8,
I357176,1829,1.672726169E7,2030-01-01
I245981,692,7.876600518E7,2030-01-01
I246057,-1232,5.916715333E7,2025-09-25
I246406,-400,2241078.27,2025-09-25
I254461,1722,2.5199168967E8,2030-01-01
I255263,-1344,1.2705496033E8,2025-09-07
I246850,1655,1.1965519188E8,
I248521,879,1.0017186874E8,
I257567,-994,1.3150554122E8,2025-09-30
I262907,-709,2.75149325E7,2025-10-13
I281477,-1442,798518.48,2025-10-05
I284232,1429,0.0,2030-01-01
I310757,1269,9.682259393E7,2030-01-01
I310950,391,6295612.67,2030-01-01
I319023,-1535,2.151266407E8,2025-10-23
I323521,734,3.130335484E7,
I329033,-340,1.646694397E7,2025-10-18
I330571,1462,1.4939116919E8,
I331278,-717,3744269.35,2025-10-30
I334206,-1700,5.39673804E7,2025-10-18
I336857,1348,1.7328124859E8,
I337402,-1606,6.674024644E7,2025-09-14
I338543,1283,1.2749155395E8,2030-01-01
I344168,346,2.113070968E7,
I354967,-1535,9.749469054E7,2025-09-14
I356341,1481,8.572938383E7,2030-01-01
I356523,-1385,1.5129758859E8,2025-09-23
I251525,-1896,2.7052364094E8,2025-10-10
I244263,51,5580136.99,
I246061,1533,1.60822951E7,
I246508,1126,5.90657717E7,
I247439,1393,2011152.48,
I248804,1594,2.874226818E7,
I255712,-330,2.984426376E7,
I258573,771,4906381.53,
I258997,-984,3.043356415E7,2025-10-06
I261081,-1415,1.5016945178E8,2025-09-30
I262662,333,519392.42,
I266176,537,6.896916407E7,2030-01-01
I269394,1751,1.4957058271E8,2030-01-01
I271118,578,3.504774157E7,2030-01-01
I275531,-1309,8350836.06,2025-10-01
I276075,287,1.357387222E7,2030-01-01
I279780,-427,4402698.86,2025-10-31
I285528,50,6828534.74,
I288380,1031,1.1874186189E8,2030-01-01
I289175,-1065,1.4430936937E8,
I301249,304,2.820259825E7,
I309546,412,2.867994299E7,
I311817,149,1.799675883E7,
I316879,-171,2.489708088E7,2025-10-30
I317134,1353,1.9960795767E8,2030-01-01
I317931,1337,1.2661345397E8,
I318520,-834,6.708808855E7,2025-09-29
I328361,1705,1.6028854413E8,
I328815,725,1.0303870846E8,2030-01-01
I331451,573,3.992122632E7,2030-01-01
I332098,264,5269200.25,2030-01-01
I339442,-52,2740690.3,2025-10-07
I339463,-712,4.693694254E7,2025-09-18
I340307,100,3506525.69,
I340373,386,1.879702406E7,2030-01-01
I340487,578,1.840128943E7,2030-01-01
I343678,1380,1.5966207535E8,
I348426,634,3.652542316E7,2030-01-01
I352463,-1000,1.3546957909E8,2025-10-31
I354740,-868,1.1593573233E8,2025-09-17
I245733,-812,7.900012466E7,2025-10-31
I249116,-466,1.996720163E7,2025-10-23
I253762,-708,8.333244758E7,2025-10-08
I248985,836,1.0868157757E8,
I256939,1939,1.1707173863E8,2030-01-01
I258522,-1419,1.0123399095E8,2025-09-25
I259686,953,1.0925615177E8,
I264027,-644,1.480953915E7,2025-09-21
I265340,-1248,9.246681786E7,2025-09-09
I269374,1768,1.3282516203E8,2030-01-01
I271100,-1956,1.9864781519E8,2025-09-08
I274948,1431,2.404398183E7,2030-01-01
I285547,993,1.3996326569E8,
I285618,401,3848514.45,2030-01-01
I289077,729,4.552244993E7,
I293197,1435,1.0175985271E8,
I295882,-1704,2.327117125E8,2025-10-23
I298644,-662,1.650286755E7,2025-10-19
I304279,1177,1.522479823E8,2030-01-01
I305707,-347,3.448375736E7,2025-10-05
I308830,932,4.964950687E7,2030-01-01
I309137,703,2.324066565E7,
I309636,1103,2.474809302E7,2030-01-01
I310489,415,1.156062721E7,2030-01-01
I314052,-180,7346916.77,2030-01-01
I322179,1324,1.559162036E8,2030-01-01
I323668,729,2.743093298E7,
I334649,857,4.36718346E7,2030-01-01
I335352,1114,3.886984581E7,2030-01-01
I338270,-1678,7.7520551E7,2025-09-16
I339117,1894,1.1515148891E8,
I344422,1487,1.3128182849E8,
I347920,-252,7349976.27,2025-10-25
I349059,-51,4256175.03,2025-10-21
I357589,1825,6.535041474E7,2030-01-01
I357771,746,5.324096704E7,2030-01-01
I360786,52,3164978.67,2030-01-01
I363060,-919,3562938.23,2025-09-08
I373566,1259,1.6831905004E8,2030-01-01
I373572,1486,2.0741955287E8,2030-01-01
I373610,-776,1.134004327E7,2025-09-10
I375286,653,6.810867549E7,2030-01-01
I377199,1076,9.943677514E7,2030-01-01
I385175,1504,8.435241839E7,
I385817,1495,1.57087904E7,
I386709,1842,1.9741870256E8,
I388088,-602,7.234719168E7,2025-10-11
I400415,630,4.948942775E7,
I403753,-476,5.951811367E7,2025-10-14
I404030,654,5.55610443E7,
I410906,-1624,1.1462358461E8,2025-10-23
I411304,422,1.064483048E7,
I412433,1228,8.76636898E7,
I412486,-305,1.23000916E7,2025-09-29
I415370,-444,4.949718304E7,2025-09-25
I417845,582,4.584105929E7,2030-01-01
I418386,-1362,1.0150284903E8,
I423733,-1096,1.6268007097E8,2025-10-11
I424989,-1005,8.04565888E7,2025-09-18
I425022,1296,1.2420169455E8,
I429046,1793,2.4759054901E8,2030-01-01
I431025,1215,2.961720167E7,2030-01-01
I434838,-417,318936.97,2025-10-26
I437090,1139,8.25034069E7,2030-01-01
I445519,1926,7.195654258E7,
I450777,476,1.094756261E7,
I453935,1327,8363384.4,2030-01-01
I455361,518,1.477608691E7,
I461211,-1022,5.264132356E7,2025-09-01
I463198,977,1750597.8,2030-01-01
I465196,-770,8.316903465E7,2025-09-17
I466828,435,4095995.6,2030-01-01
I468120,-1969,2.8009286216E8,2025-10-08
I475590,857,1.110104586E8,2030-01-01
I360005,724,4.633473E7,2030-01-01
I361246,-96,3116845.32,2025-10-13
I362847,1571,0.0,2030-01-01
I365089,-1736,2.2851254383E8,2025-10-08
I365478,-662,1.282594217E7,2025-10-30
I360607,1894,1.1047118552E8,
I369226,1311,4.959157475E7,
I371260,313,3.309378103E7,
I376240,1516,4.269806495E7,2030-01-01
I376946,-1718,8.745517868E7,2025-09-21
I383075,156,0.0,
I383117,773,6.702409166E7,
I400400,213,2.964453511E7,
I417484,-1941,1.2660612078E8,2025-10-08
I419515,1391,1.6878481877E8,
I428670,1656,1.6756360424E8,2030-01-01
I429859,1905,2.3136295987E8,2030-01-01
I431259,-238,1.641869557E7,2025-09-30
I438137,894,2.916453716E7,2030-01-01
I438816,1546,1.789161637E8,2030-01-01
I440658,-214,7129304.54,2025-10-15
I447964,-1560,2.0709135555E8,2025-10-04
I449763,1192,3.555241535E7,
I450890,-429,5.548552097E7,2025-10-24
I451601,1615,1.7801268409E8,
I452482,589,6.683185946E7,2030-01-01
I462171,-1504,8.051630563E7,2025-09-11
I462889,-1383,1.4344569864E8,2025-10-25
I464028,-1937,1.0019236636E8,2025-09-21
I468109,-1617,5.181575677E7,2025-09-05
I468387,-554,6.491799126E7,2025-10-22
I468580,-1184,1.3260816006E8,2025-09-05
I469308,1258,1.1083983387E8,
I472510,241,2.157425915E7,2030-01-01
I473533,1463,1.0038470595E8,
I475630,1469,1.8478753622E8,
I361762,-955,0.0,2025-09-11
I367603,-303,3.540780459E7,2025-10-06
I371220,-362,2.151177975E7,2025-10-27
I371432,228,2.073829522E7,2030-01-01
I371872,158,1160996.25,
I372721,411,5.763071374E7,
I379305,1893,1.8437074307E8,2030-01-01
I382665,1092,7.022461629E7,
I384859,-1165,9.635152748E7,2025-10-27
I389400,1500,9.050170884E7,2030-01-01
I393941,-1148,1.218801268E7,2025-10-29
I394709,526,2.700507071E7,2030-01-01
I400242,1001,1.1878632326E8,2030-01-01
I411201,-1812,9.016672159E7,2025-10-28
I412085,-1109,5.669156409E7,2025-09-14
I412454,1746,1.6461275066E8,
I423831,-1258,1.1949372871E8,2030-01-01
I432409,501,3.186955709E7,
I432420,1203,5.05459147E7,
I432926,1055,6142010.45,2030-01-01
I434126,1837,1.9193975815E8,2030-01-01
I437122,1886,2.0029841325E8,2030-01-01
I443587,-571,5.080186447E7,2025-09-11
I447969,-1134,1.0163214763E8,2025-09-03
I449808,1483,1.6757386638E8,2030-01-01
I450690,635,5.694506593E7,2030-01-01
I455751,1827,2.5165018903E8,2030-01-01
I464532,1990,1.1470256257E8,2030-01-01
I467594,-1546,8.788960006E7,2025-09-18
I467595,1370,4.51899964E7,
I468634,766,8.517732293E7,
I471677,-353,1.834201284E7,2025-09-26
I471866,1656,3416109.99,2030-01-01
I473056,304,1.678222094E7,
I473339,1090,0.0,2030-01-01
I360158,-1950,1.8661719603E8,2025-09-30
I361497,-1065,3.622330746E7,2030-01-01
I367610,1866,1.6928515299E8,2030-01-01
I371364,302,3.589917934E7,2030-01-01
I372023,-1624,4038697.17,2025-10-02
I380169,-757,2.760759174E7,2025-10-11
I381413,218,2.672316135E7,
I382917,-272,2.597064526E7,2025-09-10
I383208,-82,8737534.26,2025-10-24
I386358,1744,1.8718730648E8,2030-01-01
I388139,1864,2.4882821132E8,2030-01-01
I391251,-768,3.277493778E7,2025-09-21
I393157,552,4340912.12,
I393470,1905,1.2522582482E8,2030-01-01
I398850,-1569,3.633329606E7,2025-10-25
I400816,-998,9.364363201E7,2025-10-13
I404417,430,2.12644857E7,2030-01-01
I410743,1494,2.1272094249E8,
I410834,830,1.421831975E7,2030-01-01
I412398,1329,2.328079113E7,
I413150,334,2204230.23,
I419611,-611,3.910058285E7,2025-09-03
I433306,-1536,5.791561466E7,2025-10-22
I433696,189,1115965.16,2030-01-01
I436130,672,5.90603655E7,
I436454,517,2.214187686E7,
I443763,1865,1.9945988652E8,
I446718,698,7.148962097E7,2030-01-01
I451906,1345,8.25716516E7,2030-01-01
I453831,-162,1.869071629E7,
I454377,413,6217890.17,
I467433,-275,4551359.17,2025-09-20
I468386,-687,4.661391521E7,2025-09-08
I469330,584,5948995.78,
I372972,55,5332456.64,
I374583,-638,1.115557794E7,2025-09-24
I375741,-748,3.901233034E7,2025-10-21
I375915,683,9.884075736E7,
I379209,-1340,1.966019775E7,2025-09-30
I383314,-152,2.206267406E7,2025-10-13
I384876,-327,1.844121143E7,2025-10-11
I392170,1219,1.7467692202E8,2030-01-01
I395334,-104,1.38954108E7,2025-09-10
I396562,-474,4.102806588E7,2025-10-06
I399315,-1825,1.1392847944E8,2025-09-09
I402289,424,4.441552014E7,
I405874,1994,7.177321021E7,
I411712,476,7.077287196E7,
I423439,652,2.384802061E7,2030-01-01
I429922,1110,1.0588116995E8,2030-01-01
I432137,-1089,9.46890219E7,2025-09-23
I433025,619,6.672428171E7,2030-01-01
I433375,-1980,2.1858434391E8,2025-10-05
I445844,942,5.377609033E7,
I447297,583,1.828028802E7,
I448777,847,6.068376372E7,2030-01-01
I452484,-700,4.695227782E7,2025-09-23
I453018,1704,4.265032994E7,2030-01-01
I454268,-1344,1.0811164691E8,2025-10-17
I454849,-156,8228937.65,2025-10-08
I462053,78,8358249.39,2030-01-01
I463659,1224,2037117.68,2030-01-01
I465456,1020,1.4070143632E8,
I469347,1416,1.3780125623E8,2030-01-01
I469472,550,1.403478253E7,2030-01-01
I472453,1017,3.309709292E7,
I368112,1914,2.829135195E7,2030-01-01
I360785,1066,1.1573625756E8,
I367153,445,4.53478042E7,
I371865,621,7919787.36,
I373100,1237,4.714897759E7,2030-01-01
I383141,-858,9.059051969E7,2025-10-22
I383391,-227,1.369988327E7,2025-09-14
I384765,1188,1.2672647748E8,
I386800,1858,3.218877247E7,
I387734,-667,7.080963247E7,2025-10-07
I387785,-1735,2.2565615953E8,2025-09-21
I388726,962,5.128620914E7,2030-01-01
I394379,720,8.304500713E7,
I394830,-1883,2.6491469994E8,2025-09-06
I400237,1053,3.481444782E7,2030-01-01
I403400,1604,7.613724649E7,
I405384,87,2622257.0,
I407453,662,1.634794194E7,2030-01-01
I409281,1959,3.748489079E7,2030-01-01
I413743,584,9498011.1,
I415233,-1901,1.2652189311E8,2025-09-25
I415293,1724,1.188835168E7,
I415790,1852,2.5620434011E8,2030-01-01
I424005,581,4.352993259E7,
I424624,1705,6.75102495E7,
I430677,1639,2.2893055147E8,2030-01-01
I440845,-1717,1.5214683204E8,2025-10-02
I445211,-704,9.245174797E7,2025-09-01
I446067,-827,1.0577417137E8,2025-10-09
I446663,725,9929732.9,2030-01-01
I449057,-1849,3.459171902E7,2025-10-14
I450476,-381,4.136102142E7,2025-09-24
I455038,-1784,1.7874194829E8,2025-10-28
I455145,1104,1.144175989E7,
I465401,257,1139500.38,
I469244,-1157,3.846823149E7,2025-10-15
I472965,861,4.69291388E7,
I365919,385,3.989868981E7,
I372303,984,1.0976562037E8,2030-01-01
I376914,809,1.728095067E7,2030-01-01
I378162,-485,5.128306167E7,2025-09-25
I378410,395,3.295195612E7,2030-01-01
I378517,-1406,0.0,2025-09-14
I379820,-1090,1.056778641E7,2025-09-19
I382260,1898,2.7010906172E8,2030-01-01
I383887,1349,1.2372333517E8,2030-01-01
I390000,1336,5.023587791E7,2030-01-01
I391330,1424,0.0,
I393200,1130,7.71960734E7,
I396614,-412,423877.36,2025-10-10
I396856,1621,1.3067077805E8,2030-01-01
I400794,1856,2.7505444397E8,
I402886,-628,2654880.86,2025-09-20
I406744,1997,8.814899174E7,2030-01-01
I411706,-1600,4.129917322E7,2025-09-29
I421109,1868,1.1750117172E8,2030-01-01
I426245,-1219,2.301527952E7,2025-09-03
I427506,1614,1.0181530856E8,
I432182,1907,2.5587538567E8,
I439668,823,7.818597472E7,2030-01-01
I440631,1411,0.0,
I441086,1263,1.3539643025E8,
I443407,1838,2.1425731604E8,2030-01-01
I451238,926,8.856293186E7,
I462343,-914,6.787283665E7,2025-09-20
I465766,-106,7277955.53,2025-09-28
I466123,461,2.077336787E7,2030-01-01
I472015,-1835,2.153587986E7,2025-10-11
I472562,1486,1.6996549879E8,2030-01-01
I366371,-1685,1736331.43,2025-10-18
I366937,1062,4.744440663E7,2030-01-01
I362021,222,2.736452432E7,
I362859,804,2.49522172E7,
I377285,-1020,1.1989470431E8,2025-09-05
I377944,1856,2.2739592469E8,2030-01-01
I379314,181,2.391622683E7,
I380091,253,1.138499221E7,
I383963,701,1.618842818E7,
I384069,163,4350128.66,2030-01-01
I392290,-967,8.318783551E7,
I395719,1628,0.0,
I396797,1400,1.6510958802E8,
I404158,1145,1.135401905E8,
I406047,-1370,6.14615542E7,2025-09-13
I407492,664,6.436260742E7,
I418020,1310,5.406067282E7,2030-01-01
I418385,1151,6.828469199E7,2030-01-01
I424216,388,1.788111452E7,2030-01-01
I433590,343,4.227269061E7,
I439450,1856,1.5140043288E8,2030-01-01
I440592,-142,7514624.2,2025-09-15
I443349,1519,2.2066788167E8,
I446346,1289,1.6392806519E8,2030-01-01
I464408,-200,2.41840041E7,2025-09-06
I478662,-703,2.708919004E7,2025-09-29
I482213,-443,2.334234088E7,2025-09-15
I484069,-1011,6.541768139E7,2025-09-28
I482598,701,5.479000953E7,
I486006,1908,2.7401524063E8,
I489574,438,1188947.81,2030-01-01
I491314,1793,1.7968630658E8,
I492605,596,2.095120739E7,
I499356,853,2.908745726E7,2030-01-01
I503692,788,9.921088127E7,2030-01-01
I504266,-1184,2.346713665E7,2025-10-03
I504916,-1047,6.068054797E7,2025-09-29
I507243,1836,5.40122292E7,2030-01-01
I509057,532,7.410635586E7,
I512969,-1833,3.38176572E7,2025-10-26
I513804,1333,8.934334725E7,2030-01-01
I514651,105,6447988.1,
I515887,-273,1.856321396E7,2025-10-28
I516988,1579,1.4257523247E8,2030-01-01
I517367,1732,6.100060138E7,
I525041,1896,2.1754090386E8,
I533500,-1796,1.6958317561E8,2025-10-01
I534051,-1371,1.4537158596E8,2025-10-06
I540094,834,1.1208074008E8,
I543623,-1860,3.921108068E7,2025-09-30
I548570,386,1.225335657E7,2030-01-01
I549120,-1520,1.4315635756E8,2025-09-17
I552795,380,4.817392396E7,
I552824,-1119,9.40192727E7,2025-10-21
I554920,-1433,4.209069945E7,2025-10-02
I555604,-1532,1.3601384019E8,2025-09-03
I560061,-109,3928590.09,2025-10-30
I562296,-1962,2.3176166115E8,2025-09-22
I565886,-1834,1.8943901312E8,2025-09-04
I570450,908,1.0147617E7,2030-01-01
I571563,1783,2.0224844483E8,2030-01-01
I581140,-802,3.226213935E7,2025-09-14
I582898,-1292,2.781179247E7,
I587214,238,2.720864931E7,2030-01-01
I478068,346,5.096897082E7,2030-01-01
I479576,-451,1.520113969E7,2025-10-21
I480980,-1446,1.899529463E8,2025-10-05
I487824,1313,8.534709733E7,2030-01-01
I486956,-958,4.638730352E7,
I497744,478,7644163.23,2030-01-01
I502804,1446,1.2211711541E8,
I503719,1233,1.2688165223E8,2030-01-01
I504692,-744,5.081730553E7,2025-09-09
I507257,1256,1.0088349876E8,2030-01-01
I512380,978,1.3348923328E8,2030-01-01
I514072,1955,1.2504600881E8,
I518363,332,4.842917417E7,2030-01-01
I525888,-1555,4.964630533E7,2025-09-12
I526908,-1252,8.847463988E7,2025-10-22
I546677,-424,4.113409734E7,2025-09-19
I546959,151,4641522.72,2030-01-01
I547260,457,2.937629111E7,2030-01-01
I548356,1392,1.8052004855E8,2030-01-01
I551630,-1325,1.6729200577E8,2025-09-13
I556400,1379,1.4916035983E8,
I557282,1854,2.892632216E7,2030-01-01
I558894,1006,1.764695712E7,
I559115,536,1.815307023E7,2030-01-01
I559275,-214,1.814639646E7,2025-10-24
I561514,-301,2.222321174E7,2025-09-23
I562951,-485,2.678541965E7,2025-10-31
I563419,613,4.525397583E7,2030-01-01
I568880,-1746,1.4152921364E8,2025-10-29
I574246,1361,1.3153634578E8,
I574940,1163,9.929495246E7,
I575494,-1070,1.1000133312E8,2025-10-18
I584164,1805,6.877038684E7,
I584719,1947,8.327465572E7,2030-01-01
I587602,941,8.024413599E7,
I478420,1031,1.5098948628E8,2030-01-01
I479738,1054,1.1258489341E8,2030-01-01
I485815,1112,1.4074696506E8,2030-01-01
I486052,1252,6.8060296E7,
I488617,1180,1.1885722406E8,
I494599,-1161,4.250422744E7,2025-09-02
I498327,-384,3.570579339E7,2025-09-18
I501293,-948,1.0223262453E8,2025-10-30
I506489,1066,1.1803033686E8,2030-01-01
I511583,793,6.014271022E7,
I513698,-770,2.571211326E7,2025-09-21
I514578,-246,1682766.34,2025-10-28
I516126,-798,2.189757553E7,2025-09-23
I535350,1310,1.8835023763E8,2030-01-01
I536820,-422,6.21381606E7,2025-09-01
I541814,951,1.3425856323E8,2030-01-01
I552023,1302,6.188461364E7,2030-01-01
I553283,1710,2.3443530875E8,2030-01-01
I558490,297,8860779.13,2030-01-01
I561066,62,8309321.43,
I576296,1297,1.8677425272E8,2030-01-01
I581564,871,1737517.52,2030-01-01
I585995,943,9.825541704E7,
I586175,1341,2.076843995E7,
I586812,1492,1.9165936444E8,
I588482,-1168,1.2849224705E8,2025-09-19
I589717,-967,8.867195E7,2025-09-30
I590816,1841,2.1780798066E8,
I478854,-1166,1.4507087365E8,2025-09-30
I479105,-1370,1.2027710402E8,2025-09-05
I480490,-188,7616274.76,2025-09-29
I480888,-1390,2.0641723136E8,2025-09-03
I481573,-396,2.025667653E7,2025-10-15
I482823,632,4.977953538E7,2030-01-01
I487404,-752,6.238679623E7,2025-09-29
I476768,158,2.304229442E7,
I479093,1389,1.8369075478E8,
I488749,-529,5476694.6,2025-10-26
I489930,1627,1.7462350803E8,
I497550,1577,2.393875891E7,2030-01-01
I499413,-661,8.63689919E7,2025-09-26
I509234,-117,4539741.9,2030-01-01
I510303,-1305,6.622781184E7,2025-09-17
I513603,-321,9970741.7,
I514257,-1094,2.534004237E7,2025-09-25
I517603,1838,1.5239724246E8,
I518710,-499,3.760712262E7,2025-09-09
I519364,1574,1.3896057196E8,2030-01-01
I526302,734,4.527313257E7,2030-01-01
I527600,-1945,1.0458488568E8,2025-10-15
I528528,1847,2.2978382861E8,
I528849,-249,2.586753527E7,2025-09-12
I542788,727,3.947995299E7,2030-01-01
I543732,1300,1.0865457425E8,2030-01-01
I546144,-1754,2.6055756286E8,2030-01-01
I549151,-879,1.210235177E7,2025-10-27
I552765,-1947,1.0240743775E8,2025-09-23
I557204,1960,7.952524733E7,
I559654,-1315,1.2289869013E8,2025-09-06
I564390,1383,8.845926824E7,
I569402,-513,2.720381089E7,2025-09-01
I571284,-1084,6.770789446E7,2025-09-10
I572578,-417,907210.21,2025-10-12
I573620,331,3.597573491E7,
I584571,249,2.168634083E7,2030-01-01
I587997,675,5.8067839E7,
I487549,1776,2.5892221099E8,2030-01-01
I488028,-331,2639113.66,2025-09-16
I476957,387,3702081.44,
I478199,155,2.253758041E7,
I486118,97,9890829.31,
I487224,823,2.689228828E7,
I490162,414,4.448431066E7,
I495000,925,2.677118078E7,
I499298,-532,5.020066702E7,2025-10-02
I504340,1758,2.4606769716E8,2030-01-01
I508292,-1742,8.080906368E7,2025-09-02
I512734,1805,1.9467454012E8,
I515451,107,9036454.86,
I520782,1115,5.410869831E7,2030-01-01
I531742,258,2.383563481E7,2030-01-01
I532608,-1226,1.0967171993E8,2025-10-06
I533612,1237,4.103203953E7,
I534192,-1042,3.787616982E7,2025-09-26
I551292,882,7.270635148E7,2030-01-01
I551560,682,4.915004136E7,
I553456,762,1.736865375E7,
I558056,1462,2.0188537105E8,2030-01-01
I560113,1250,1.0960194833E8,
I561651,164,1.380143896E7,2030-01-01
I565206,1400,5.898572629E7,2030-01-01
I568699,1022,1.939965373E7,2030-01-01
I576670,-146,1.387243264E7,2025-10-17
I582503,154,1.432922825E7,
I588115,-467,6.313791908E7,2025-10-12
I588304,1722,2.3266834622E8,2030-01-01
I477620,-867,3.145919721E7,2025-10-12
I478918,629,3.955275056E7,2030-01-01
I479046,629,2.833136732E7,2030-01-01
I484307,106,6304054.11,2030-01-01
I496450,627,8.543534549E7,2030-01-01
I497127,-1198,1.2596891728E8,2025-10-18
I498173,1026,1.2633342055E8,2030-01-01
I500220,1719,1.5424497095E8,
I510709,1746,4.493006805E7,2030-01-01
I518911,-1189,3371255.8,2025-10-06
I528716,1598,1.7445140285E8,2030-01-01
I534047,-278,1.457866078E7,2025-09-03
I537224,937,0.0,
I541149,599,1.693643302E7,2030-01-01
I541926,1473,1.8751727123E8,2030-01-01
I548800,-1754,1.586585474E7,2025-09-01
I551252,-1584,1.838156855E8,2025-10-17
I552003,-751,6.095384217E7,2025-09-08
I557952,1160,1.1856093367E8,
I558197,-1661,1.779944425E8,2025-10-18
I570423,63,6019162.67,2030-01-01
I571891,-453,4.930076268E7,2025-10-13
I574062,-1163,1.5676122516E8,2025-10-16
I580276,508,6.883293036E7,2030-01-01
I581052,-302,2.329707066E7,2025-10-29
I586904,395,359233.78,2030-01-01
I589548,-363,5.267659459E7,2025-10-14
I589651,-1956,2.5209106388E8,2025-10-28
I591322,-467,6.560431066E7,2025-09-20
I480365,1131,1.3148163141E8,2030-01-01
I487294,-591,3.430237559E7,2025-10-11
I499586,1474,1.1364962957E8,2030-01-01
I500319,1354,1.9349967203E8,
I501475,-513,3.887953006E7,2025-09-21
I502052,747,7.414850098E7,2030-01-01
I507954,262,1.831763948E7,2030-01-01
I510740,781,4260981.22,
I511641,-1909,2.7701278866E8,2025-10-19
I518589,220,1.012510171E7,2030-01-01
I529719,2000,1.4445788263E8,2030-01-01
I530150,324,0.0,2030-01-01
I531367,1982,1.6740837485E8,2030-01-01
I531845,245,2.886939243E7,2030-01-01
I532532,-528,5.029271358E7,2025-10-30
I540777,995,1.437530466E7,2030-01-01
I542172,341,1748751.96,2030-01-01
I543291,1126,2347310.87,
I543690,1811,1.6779123508E8,
I547367,1058,1.2409236458E8,
I549407,710,1.0206988802E8,
I555790,1486,2.1682548301E8,2030-01-01
I559513,1182,1378094.31,
I564176,-1340,1.3662063519E8,2025-10-09
I567792,1238,8.849860112E7,2030-01-01
I570823,1631,1.5338507238E8,2030-01-01
I571471,507,6.914418969E7,
I571906,-975,3.474943086E7,2025-10-26
I575761,-999,1.469964559E7,2025-09-26
I578142,-436,3.94846398E7,2025-09-04
I581460,-1195,1.3954067549E8,2025-09-25
I585292,821,1.2302036198E8,
I586242,874,1.2414242391E8,2030-01-01
I588019,-991,9.944538615E7,2025-09-16
I590901,-865,1.4561677E7,2025-09-03
I478787,1482,1.1554491816E8,2030-01-01
I488701,1843,1.3145703264E8,
I489856,395,2.438471067E7,2030-01-01
I490709,-692,6.40887609E7,2025-09-13
I493051,-357,4.133340999E7,2025-09-25
I493635,-515,2.124036942E7,2030-01-01
I495914,1907,2.5380434098E8,
I496885,-1535,2.1887615838E8,2025-10-07
I497447,949,1.1423152583E8,
I506970,1193,0.0,2030-01-01
I510236,-581,4.904842954E7,2025-10-06
I529473,-1847,0.0,2025-10-05
I534737,849,8.43490497E7,
I535061,421,2.652521246E7,2030-01-01
I542478,-391,1.167313401E7,2025-09-08
I543141,581,6.182154295E7,2030-01-01
I547286,104,583597.61,
I547996,1204,1.3971999557E8,
I550157,1276,1.1275019832E8,
I554536,1794,5.962725273E7,
I558337,912,7.81651919E7,
I561196,303,2.000534645E7,
I564976,-990,8.186932051E7,2025-10-03
I567812,-1218,1.2871989329E8,2025-10-13
I572841,927,1.0998797997E8,
I574227,-1697,0.0,2025-10-08
I577225,-1912,2.0409611003E8,2025-09-05
I577917,1821,9.583328873E7,
I578371,-54,1910008.84,2025-10-11
I578641,-1687,2.4224334992E8,2025-10-28
I579903,522,2.345446326E7,2030-01-01
I585983,1993,1.0821470811E8,
I590935,947,1.297669829E8,
I594260,-484,6.741949151E7,2025-10-27
I594475,-1170,1.548290981E7,2025-09-11
I595729,-658,4.781950417E7,2025-10-18
I596674,153,3347303.5,2030-01-01
I599201,101,1.092296351E7,2030-01-01
I594155,1864,9.361709882E7,
I599896,910,1.1214805862E8,
I604672,219,1.685113696E7,
I605350,-783,1.051641187E8,2025-10-18
I605956,1544,1595598.59,
I607944,735,1.996446189E7,2030-01-01
I610039,1342,1.082357617E7,2030-01-01
I610588,1072,1.0624308736E8,
I612455,-1234,1.6612696099E8,2025-09-27
I616327,1643,1.4465420406E8,
I616817,1236,1.1508855734E8,
I618433,1542,1.0021331788E8,
I620823,1953,1.9316541354E8,2030-01-01
I621772,-1664,7.697274103E7,2025-09-12
I627226,897,5.732545255E7,
I630934,-1204,1.2283716643E8,2025-10-13
I630986,-67,1056318.23,2025-10-04
I631095,1470,1.9928745673E8,
I632782,349,3.370884946E7,2030-01-01
I635420,432,3.558284464E7,
I639062,920,0.0,
I639398,1477,6.424090529E7,2030-01-01
I640982,-404,5.983107331E7,2025-09-13
I641643,252,4838123.05,
I646844,-1599,2.1767642491E8,2025-09-13
I648345,-441,9270800.83,2025-09-13
I654604,285,3.23318122E7,
I661520,-973,5.851406072E7,2025-10-30
I668747,594,1.101447628E7,
I670469,-381,4.729058809E7,2025-09-08
I672098,1189,1.5512258759E8,2030-01-01
I675736,412,5.483893142E7,2030-01-01
I677309,933,5.87796376E7,2030-01-01
I682401,1371,1.9393622289E8,2030-01-01
I682796,238,1.665155008E7,
I687933,332,2.44695407E7,2030-01-01
I690152,1574,1.3390430937E8,
I693513,1240,1.2060464504E8,
I694924,-700,7403304.94,2025-10-27
I702506,-766,9.141218609E7,2025-09-17
I598689,1111,2.094514693E7,
I599937,92,6556203.45,
I604566,1472,3.628391135E7,
I604884,1019,4.815062002E7,
I606286,126,2196758.13,2030-01-01
I607110,1609,1.3034232184E8,
I610083,801,5.666886275E7,2030-01-01
I612176,1821,4.504837266E7,2030-01-01
I612670,-1306,3074532.15,2025-10-03
I620026,517,2.163470082E7,
I629536,1109,1.5623819097E8,
I631791,691,5.899346954E7,2030-01-01
I633649,502,4905626.52,
I636248,-220,1.435353367E7,2030-01-01
I638748,52,6981338.52,
I638821,-1755,0.0,2025-09-04
I642725,793,7.147532438E7,
I647897,329,1.388874425E7,2030-01-01
I648750,666,6241543.63,
I659760,1939,2.7738988584E8,
I667684,1245,2.917636906E7,2030-01-01
I670214,-1399,1.3215533323E8,2025-10-06
I670676,858,6.640525621E7,
I670730,1103,3.80226475E7,2030-01-01
I675318,1636,2.2290215894E8,2030-01-01
I680176,-1088,0.0,2025-10-15
I681137,-1275,2.752033544E7,2025-09-05
I683505,189,2.804209059E7,2030-01-01
I686412,-1100,1.5745426274E8,2025-10-01
I688817,1542,2.373401191E7,2030-01-01
I689901,1535,0.0,2030-01-01
I699331,958,6221388.58,
I702035,-255,1.654063107E7,2025-10-20
I704281,-1987,2.723085231E8,2025-10-04
I705478,-1165,5038011.72,2025-10-13
I594874,764,8.668898439E7,2030-01-01
I595178,-731,9.506710235E7,2025-10-11
I601199,829,8.651432926E7,2030-01-01
I617740,-938,8.997997236E7,2025-09-15
I618740,-629,0.0,2025-09-24
I619438,-1677,2.0724507486E8,2025-09-28
I627106,-182,1.547083925E7,2025-10-24
I634044,1889,8.630411987E7,2030-01-01
I636358,-1214,1.2220263853E8,2025-09-16
I638768,1963,1.1294395846E8,2030-01-01
I640757,596,2.880576684E7,2030-01-01
I644215,1787,6.103745746E7,
I651358,1716,1.689978724E7,2030-01-01
I653530,1906,1.9188483079E8,
I654065,-332,1.293472031E7,2025-10-31
I655671,485,634093.19,
I657250,-1507,1.0365552876E8,2025-09-02
I662248,196,9708083.23,
I662872,-1476,1.846098593E7,2025-10-21
I663497,1510,1.624939881E8,
I664912,-1766,1.6552880244E8,2025-10-04
I665323,-960,8.722755632E7,2025-10-24
I669937,1268,9.973521067E7,2030-01-01
I669987,292,3.320418731E7,2030-01-01
I670620,817,9.004253493E7,2030-01-01
I670900,-512,4.907574591E7,2025-10-14
I670995,-1249,1.1731695119E8,2025-10-28
I681178,1581,1.5106561336E8,
I682094,-1308,1.6436368208E8,2025-09-30
I682480,1942,5.684494144E7,2030-01-01
I691869,1998,6.269062294E7,2030-01-01
I699848,-1284,8.303303207E7,2025-09-15
I704597,1122,2.285097205E7,2030-01-01
I595915,1372,1.9929756355E8,2030-01-01
I596115,-1239,2729827.04,2025-10-13
I603930,-1728,1.2704756456E8,2025-10-21
I606321,264,1.35034195E7,2030-01-01
I606840,143,1.207429082E7,
I612236,1340,9.093113714E7,
I617121,63,6494671.91,2030-01-01
I619743,1646,1.3539908933E8,
I627585,-228,2.361437813E7,2025-09-01
I627611,1132,9.244546895E7,2030-01-01
I629054,1008,7.768773739E7,
I641382,1543,1.4140641293E8,2030-01-01
I643102,-172,1234848.64,2025-09-28
I650198,590,8919575.38,2030-01-01
I652665,1817,2.5739914465E8,
I653492,1440,1.7474001272E8,2030-01-01
I653543,198,2.602896766E7,2030-01-01
I657375,1944,9.58979645E7,
I657676,1043,1.3323925928E8,2030-01-01
I660074,-354,1.779438623E7,2025-10-03
I664953,-1712,6.198045062E7,
I665407,-863,7.628570749E7,2025-10-08
I668751,98,9335127.02,2030-01-01
I671225,-1826,5.748701363E7,2025-09-08
I672634,1081,6.138450456E7,
I672964,1303,1.9114662642E8,2030-01-01
I683698,-1631,1.6044570244E8,2025-09-09
I684922,378,5.272718493E7,2030-01-01
I687230,-567,6.988488868E7,2025-10-03
I688183,1375,1.4758348304E8,2030-01-01
I688213,1798,2.337946574E8,
I688406,-1476,9.271323444E7,2025-10-05
I689909,1429,1.380221447E8,2030-01-01
I692069,491,3.119057015E7,2030-01-01
I692502,-1803,1.3836567406E8,2025-10-16
I694338,1227,1.7569177087E8,
I696642,1154,1.3172571638E8,2030-01-01
I702150,257,3.841180418E7,2030-01-01
I704473,-1188,1.988916563E7,2025-09-09
I704590,-1266,1.3156638573E8,2025-10-20
I594627,-852,3.757962231E7,2025-10-28
I601737,174,6382903.1,2030-01-01
I592771,800,8.827446099E7,
I594465,255,2.234523164E7,
I604606,1834,2678428.33,
I609735,-351,4723297.32,2025-09-19
I609836,-375,4.613534771E7,2025-09-02
I613163,1174,1.4202887401E8,
I615196,-1413,8.337023988E7,2025-10-13
I615580,-1432,1.216597148E7,2025-09-22
I624672,-1310,1.6300488792E8,2025-09-15
I627238,1115,9.132055195E7,2030-01-01
I629841,-939,971870.4,2025-09-20
I635871,1776,2.5572616385E8,
I637422,116,3161650.83,2030-01-01
I637557,-1540,1.1644992407E8,2025-09-16
I639380,192,2722544.42,
I643236,-1638,1.5683282446E8,2025-09-11
I655428,1121,6.304734093E7,2030-01-01
I659038,219,2.394608525E7,2030-01-01
I660540,1290,1.6402742242E8,
I661783,-511,9791432.23,2025-09-14
I665590,1659,2.033225753E8,2030-01-01
I667092,1984,5293250.52,2030-01-01
I673244,-1109,7.744938552E7,2025-09-29
I676668,850,1.0152437434E8,
I680618,1062,1.2317098353E8,2030-01-01
I682893,337,7192819.99,
I683681,-1318,6.63473271E7,2025-10-29
I686004,1232,6.088748477E7,
I687754,-167,2.441641135E7,2025-10-03
I689975,-912,1.272439748E8,2025-09-23
I704869,-56,5021619.53,2025-09-14
I595368,1468,1.4895898493E8,2030-01-01
I596187,-239,1.211214408E7,2025-09-12
I598054,922,1.078518858E8,2030-01-01
I597091,1096,9.343476873E7,
I604453,1624,1.495844781E8,
I623906,1938,3.850465109E7,2030-01-01
I624138,929,4.6981047E7,
I624623,-1680,1.7806979337E8,2025-09-03
I628292,199,1.752253147E7,2030-01-01
I636183,1916,3.682355553E7,2030-01-01
I641836,1209,1.0411957338E8,
I642024,-1017,1.3515343784E8,2030-01-01
I642983,-1362,9.018939521E7,2025-09-18
I645024,1932,1.5829609088E8,2030-01-01
I649119,970,5.171900438E7,
I649470,-798,9237177.72,2025-09-03
I654853,1529,1.1751328686E8,
I654992,1464,1.242795523E7,2030-01-01
I655750,619,7.881746644E7,2030-01-01
I659372,-478,3.944208732E7,2025-09-18
I663194,392,2.866089027E7,
I664225,1495,1.3557240868E8,2030-01-01
I664335,-1342,6.015630027E7,2025-10-16
I668493,-218,9675070.01,2025-09-16
I675920,-1866,1.2006020335E8,2025-09-01
I676027,1084,1.0788557503E8,2030-01-01
I676491,-265,3.531444746E7,2025-10-21
I676842,1174,2.708397499E7,2030-01-01
I677827,-965,3.49333527E7,
I678907,1959,1.622209683E7,2030-01-01
I679399,-967,6.403720138E7,2025-09-12
I681043,-1839,1.9320130041E8,2025-10-27
I685648,606,4.212163168E7,
I689591,1335,9072737.78,
I702283,183,263802.81,2030-01-01
I705505,-1143,5.910160399E7,2025-10-19
I706245,-1976,2.843773027E7,2025-10-25
I597369,838,0.0,2030-01-01
I599384,352,1.534876086E7,2030-01-01
I599467,1465,2.0858246935E8,2030-01-01
I607721,1174,1.0148568647E8,2030-01-01
I612851,-1232,9.262835535E7,2025-09-02
I618207,1146,4.368395354E7,
I619064,1047,8621900.83,
I620474,-1793,1.3052950038E8,2025-10-24
I622626,967,1.081583094E8,2030-01-01
I626771,1163,1.5720368056E8,
I630684,-1799,1.894797498E7,2025-10-30
I633472,1118,1.3314911086E8,2030-01-01
I634051,1661,1.9306216728E8,
I634523,-378,3.144237695E7,2025-10-18
I636018,-895,9.741798385E7,2025-09-25
I636520,874,5.476480192E7,
I639540,1010,4160579.23,
I648432,1603,3.809004866E7,2030-01-01
I650361,-848,4.933698711E7,2025-10-05
I656069,693,5.068021628E7,2030-01-01
I657015,-1395,9.515117574E7,2025-09-05
I659136,-810,9.113773944E7,2025-09-19
I662704,-606,8.339605177E7,2025-09-25
I663422,1410,1.843536981E8,
I664020,463,5.246553461E7,2030-01-01
I666734,-281,2.740553951E7,2025-10-03
I669392,1287,1.3829659881E8,2030-01-01
I671105,1155,1.075931054E7,2030-01-01
I684400,-1648,2.0036648196E8,2025-09-30
I685553,-440,3.51941593E7,2025-09-13
I686632,1029,1.3104943382E8,2030-01-01
I687934,412,2.968350776E7,2030-01-01
I694369,1181,2.690522789E7,2030-01-01
I700559,1993,1.7602637348E8,
I704819,588,6.756004097E7,
I591728,1580,6.0132252E7,
I599066,1264,7.671877778E7,
I603090,1792,5.680411747E7,
I605652,-1571,1.665681239E7,2025-09-01
I616996,-792,6407828.11,2025-10-26
I618789,52,3897810.46,2030-01-01
I619814,1923,1.4877139539E8,2030-01-01
I626084,1411,0.0,2030-01-01
I632101,231,2.829131755E7,
I632676,-573,4.650226741E7,2025-10-18
I639158,329,1.687049743E7,
I640936,1834,1.9136004168E8,2030-01-01
I645247,1829,0.0,2030-01-01
I646091,-504,3.623414231E7,2025-10-28
I646125,1087,1.1792640492E8,
I649236,195,1.958280574E7,
I654869,700,2.366090851E7,2030-01-01
I662637,1143,7.455434364E7,
I677777,1114,6.817510376E7,
I680393,1239,6.848346786E7,2030-01-01
I686794,595,4.927318026E7,
I687342,-1720,1.1340136025E8,2025-10-11
I713544,-774,2.777930713E7,2025-09-28
I711591,1317,1.3744021594E8,
I719794,-238,2.422191641E7,2025-09-14
I722526,146,9130719.11,
I722713,-363,544870.26,2025-09-21
I724834,1228,1.6152167241E8,
I726914,84,8645081.91,2030-01-01
I733346,1893,3.657767994E7,2030-01-01
I733501,1543,6.627891588E7,2030-01-01
I740133,-1303,1.7240550948E8,2025-09-03
I744261,-1251,8.551575203E7,2025-10-15
I749369,1434,1.5812530483E8,
I749412,1723,2.2475869652E8,2030-01-01
I750704,646,4.854623767E7,
I753219,210,1.882826509E7,
I757170,268,3.373619526E7,2030-01-01
I757868,1352,1.6411346872E8,
I758008,-1456,1.9661672313E8,2025-10-03
I759127,1067,0.0,
I761690,1404,1.5650729799E8,
I779718,456,4.662863959E7,2030-01-01
I784506,899,6.093171044E7,
I787144,-132,6005475.83,2025-10-05
I788227,722,8.171137643E7,
I800487,725,8.927397354E7,2030-01-01
I800706,490,717921.88,2030-01-01
I804276,343,1.508785795E7,2030-01-01
I811415,616,1.116073324E7,
I811673,1713,1.5922203584E8,2030-01-01
I816493,-1104,9994095.68,2025-10-25
I819931,1853,1.0856231642E8,
I821159,476,1.792170511E7,
I708019,-1302,6.106608883E7,2025-09-27
I714839,-1922,1.5452607683E8,2025-10-09
I715024,105,4208753.75,2030-01-01
I709713,639,3.250842247E7,
I710094,262,1.551398585E7,
I711054,353,1.899908756E7,
I723707,1969,1.2983491753E8,
I732577,125,9559741.21,
I732606,-1818,1.8501699774E8,2025-10-19
I736394,-1834,3.456238692E7,2025-09-20
I754321,1269,7.275902229E7,2030-01-01
I760531,921,1.1729579616E8,
I761857,875,1.603904692E7,
I765278,-1084,6.238452624E7,2025-09-06
I776947,1349,1.0415933014E8,2030-01-01
I785346,1914,2.4391772292E8,2030-01-01
I786217,742,1.687767508E7,2030-01-01
I792591,407,2.012634681E7,2030-01-01
I793448,522,4.184553608E7,2030-01-01
I794659,601,8.902975386E7,2030-01-01
I799126,441,5.794435341E7,
I801157,-742,8429431.95,2025-10-30
I809609,184,2.399294288E7,2030-01-01
I811045,773,5.542701346E7,2030-01-01
I815187,1555,7.692499737E7,
I815548,931,1.2684572073E8,
I817922,-1384,5.901293568E7,2025-09-05
I820415,1635,1.2881621306E8,
I821699,1743,7.184719591E7,2030-01-01
I707256,648,3.626351425E7,2030-01-01
I717834,1909,2.1712066952E8,2030-01-01
I710181,667,2.090110717E7,
I716186,1112,6.598149979E7,
I720990,1433,1.8908161626E8,2030-01-01
I737649,1644,1.1531425997E8,
I746917,726,7.897885496E7,
I753436,1983,2.7418700623E8,
I754353,-1705,2.337258932E8,2025-10-16
I759984,910,7.295936103E7,
I765613,-886,9.945903204E7,2025-09-09
I779375,607,6.904185112E7,
I785494,79,9985272.13,
I785832,-851,8.230308017E7,2025-09-16
I790472,1286,4035451.67,2030-01-01
I790617,987,5.3484121E7,
I792542,1187,2.848680719E7,2030-01-01
I799718,1209,7.926998249E7,2030-01-01
I805296,553,5.003531743E7,
I807329,-993,3.982512189E7,2025-09-30
I811990,1680,5.513173997E7,2030-01-01
I819958,1119,6.043753291E7,2030-01-01
I820253,1680,1.6181915034E8,
I821074,694,5.219024585E7,2030-01-01
I709943,-1162,1.3145294726E8,2025-09-12
I711998,1228,1.0503265398E8,2030-01-01
I720864,-1090,3353889.42,2025-10-16
I721393,109,9785540.45,
I723193,287,1.784510379E7,
I724383,560,5.868502502E7,
I725945,-1027,1.808830726E7,2025-10-07
I729643,498,2.230855485E7,
I730815,-520,7.197782211E7,2025-10-21
I732216,1368,1.3775458424E8,2030-01-01
I734100,1969,2.5458195713E8,2030-01-01
I734471,1723,2.2900396312E8,2030-01-01
I739565,-536,5.370713253E7,2025-09-19
I741795,1354,1.9638370568E8,
I741890,206,5769017.58,2030-01-01
I745952,426,1.245587512E7,2030-01-01
I759356,1511,2.0881647287E8,
I760995,127,5915533.58,
I763569,1943,1.0803552972E8,2030-01-01
I774564,-1503,1151303.42,2025-10-25
I781268,1716,1.0955693651E8,
I789202,1177,4.999146458E7,
I790407,1706,1.1567079188E8,2030-01-01
I794855,826,0.0,2030-01-01
I801717,430,1.058285243E7,
I802249,-272,9747000.98,2025-10-29
I812774,-1773,1.287279326E7,2025-09-28
I813393,-1780,2.010037079E7,2030-01-01
I814109,1089,7369758.72,
I814265,1193,0.0,2030-01-01
I820131,1580,5.817879028E7,2030-01-01
I709573,-414,5.085911288E7,2025-10-24
I713064,610,3.44857276E7,2030-01-01
I720451,874,3.853220442E7,
I729746,1696,5.40075495E7,
I732165,128,1.238356041E7,
I733943,234,1514506.32,
I742163,-1938,2.8297352422E8,2025-10-23
I743632,1460,1.0010483435E8,
I747095,-1932,7.364640661E7,2025-10-19
I749464,-238,3.378676059E7,2025-09-21
I752272,-1216,7.768410258E7,2025-10-23
I756293,1252,1.8677453698E8,2030-01-01
I768109,-134,1027303.47,
I780033,-1278,2.70041336E7,2025-10-18
I780093,1997,2.7982563907E8,
I787128,1955,1.5795757355E8,2030-01-01
I798513,-78,8646950.66,2025-10-28
I799488,708,8.402992624E7,
I808457,-135,1.527848998E7,2025-10-21
I809279,1327,6.750499949E7,2030-01-01
I809388,1486,2.051451299E8,
I813362,-836,632157.79,2025-09-12
I817123,1796,1.7485880082E8,
I818997,-196,2.598499124E7,2025-09-30
I821512,1696,2.0144128525E8,
I822169,-1406,9.1245115E7,2025-09-07
I717350,1994,2.382125385E8,2030-01-01
I712045,750,3.301205342E7,
I717691,1669,5485803.0,
I717994,777,5.755367507E7,
I723394,438,2.751869483E7,
I728359,801,9853700.56,
I730473,1786,7.200134523E7,2030-01-01
I732024,1871,0.0,
I736273,1499,1.690503921E8,
I736861,1717,2.5174178736E8,
I738747,1042,1.5622080612E8,
I741880,-730,3.514256521E7,2025-10-06
I746170,-688,2.373116345E7,2025-10-06
I750620,-462,3.122904877E7,2025-10-27
I751477,1740,1.9310091223E8,
I752765,-1762,1.3281656773E8,2025-10-10
I756462,1724,1.376128821E8,2030-01-01
I759513,1738,3.931895057E7,2030-01-01
I761451,348,1.141186256E7,
I768452,420,4.35916026E7,2030-01-01
I772174,1318,1.9067915385E8,2030-01-01
I772556,958,1.2389783471E8,2030-01-01
I772627,1674,2.603066967E7,2030-01-01
I775123,1485,0.0,2030-01-01
I786803,-1712,1.9147282659E8,2025-09-03
I787031,870,1.1899123542E8,2030-01-01
I787745,1858,2.0411986895E8,2030-01-01
I790654,1236,9.387284257E7,
I795772,1423,1.2343053103E8,2030-01-01
I795829,-285,3.707147775E7,2025-09-20
I800483,393,4.066775431E7,2030-01-01
I800552,-1999,2.8080369922E8,2025-09-30
I802213,1626,2.3304884797E8,2030-01-01
I803716,491,3.30243078E7,
I806969,1308,0.0,
I810566,84,729441.94,2030-01-01
I811937,1745,6.592474967E7,2030-01-01
I815985,255,7218800.56,
I819630,-1726,1.2036870639E8,2025-09-06
I715672,-1863,5.689384918E7,2025-09-29
I719243,1722,1.3485928425E8,2030-01-01
I711650,969,1.1429313897E8,
I713308,288,3.685199213E7,
I730258,-894,5.427821899E7,2025-10-06
I734250,-290,1.317923739E7,2025-10-01
I734284,-1649,7889183.83,2025-09-01
I737953,-542,6.319787329E7,2025-10-25
I747956,1211,9.395680562E7,
I749835,407,3.208626029E7,2030-01-01
I753919,258,1.608802699E7,2030-01-01
I757119,1770,2.0879982248E8,2030-01-01
I759377,-918,9.334109185E7,2025-10-01
I759748,116,0.0,
I759926,663,2.334785728E7,2030-01-01
I770906,174,2.305960955E7,2030-01-01
I773545,-915,1.0570282336E8,2025-10-09
I777613,-1219,5.875471506E7,2025-10-02
I783570,685,7566470.05,
I784964,-1804,4.488079303E7,2025-10-28
I791897,716,9.857540306E7,
I792298,1044,1.3531225684E8,2030-01-01
I796854,-768,4.861370674E7,2025-10-16
I802404,1475,1.6250462294E8,2030-01-01
I804467,-105,4102051.48,2025-10-02
I807451,144,9026196.87,
I810468,1813,1.616153152E7,2030-01-01
I817214,421,4.829319162E7,2030-01-01
I819569,-607,1.905895845E7,2025-09-10
I820573,1013,3.260793701E7,2030-01-01
I708679,63,7653637.79,
I723092,-1405,0.0,2025-09-08
I725079,1736,2.01867427E8,2030-01-01
I726143,-1517,9.784784542E7,2025-10-06
I727250,-484,3.396106024E7,2025-09-20
I731749,-480,5.370843978E7,2025-10-11
I738376,-441,0.0,2025-10-20
I740161,1732,6.507605893E7,
I745504,-1844,1.2695282444E8,2025-10-21
I747078,92,2225820.59,
I748360,1623,5.118634463E7,
I753389,-432,6.475614385E7,2025-09-12
I756490,1892,1.3425768917E8,2030-01-01
I758225,818,1284141.9,2030-01-01
I759667,894,8.795941478E7,
I763694,-76,2011932.31,2025-09-08
I763886,-1143,1.0968484063E8,2025-09-22
I767322,-1196,1.0993480947E8,2025-10-19
I767364,-190,444406.18,2025-10-05
I767725,370,1.271438659E7,2030-01-01
I767738,-70,4187340.39,2025-09-21
I769153,-194,1.584944655E7,2025-09-19
I771273,-1125,6.144051653E7,2025-09-11
I775723,1778,1.5248001214E8,2030-01-01
I784571,1367,1.9498981918E8,
I784954,-124,1085128.0,2025-09-15
I785380,-1978,1.7001302922E8,2025-09-10
I786517,207,2.965819962E7,
I787386,707,3.65122916E7,
I790063,-927,3200741.7,2025-09-27
I792734,-1694,7.604173053E7,2025-10-19
I795018,-356,3.987528915E7,2025-09-22
I797192,-1551,1.8685838525E8,2025-09-05
I801489,1845,2.3406832109E8,2030-01-01
I802226,-314,2.542554481E7,2025-09-24
I811244,-977,616302.38,2025-09-30
I811760,1191,4.43846574E7,2030-01-01
I816184,1007,4.500785414E7,2030-01-01
I819517,1844,4.400100746E7,
I823809,-1649,7.741549636E7,2025-09-06
I830685,-925,1.1126210592E8,2025-09-03
I835774,-1563,9.548284443E7,2025-10-12
I843849,-54,4915669.9,2025-09-16
I847605,318,3.528344466E7,2030-01-01
I847801,-1282,1.2322316664E8,2025-10-14
I849930,1105,4.961267393E7,
I850904,-443,2.50806022E7,2025-09-18
I856488,284,4.12470063E7,
I858094,682,2.49200428E7,2030-01-01
I858698,-1967,1.59537142E8,2025-10-08
I860558,-349,2.34930607E7,2025-09-19
I861272,1176,2454876.08,
I864972,-81,9037274.73,2025-09-27
I865509,-448,2.971478092E7,2025-09-04
I868693,-865,1.2089168838E8,2025-09-28
I869010,-1661,1.643770406E8,2025-09-23
I870154,222,518065.31,2030-01-01
I876959,1217,0.0,2030-01-01
I884092,-1925,2.5296087534E8,2025-10-10
I884470,1820,1.6230334663E8,
I887180,-347,3.641142212E7,2025-09-13
I896913,950,1398193.04,
I899221,1502,4.016842092E7,
I904170,-1053,736498.36,2025-09-19
I905067,1942,7.632059132E7,
I911078,590,6.01911801E7,2030-01-01
I911649,273,1.0865588E7,
I930900,550,5.119215074E7,
I932273,-218,2.170333063E7,2025-10-28
I933437,1490,1.571924041E7,2030-01-01
I933583,901,2.18766134E7,
I825049,266,1.063651268E7,2030-01-01
I830819,-1478,1.8913788243E8,2025-10-09
I825166,386,520438.04,
I837521,-1398,1.0385229173E8,2025-09-30
I839264,1135,9070758.5,2030-01-01
I839744,1676,1.3427649203E8,
I842465,1881,9.784561084E7,
I846190,904,7.052248498E7,
I849869,-1612,5.041255996E7,2025-10-09
I859802,885,2.250816889E7,
I865345,179,2.542730229E7,2030-01-01
I866788,1954,1.8324243726E8,2030-01-01
I880486,-980,2792154.05,2025-10-13
I880490,455,6.811582915E7,
I886655,381,3.648230407E7,
I889683,-1092,1.5471315006E8,2025-10-22
I898579,-1685,4.189138811E7,2025-09-29
I901160,1647,5.15500139E7,
I901557,-1955,1.1990641012E8,2025-10-27
I903411,853,5.220003966E7,
I906129,1197,4.793035923E7,
I908670,-317,3.856226E7,2025-09-22
I908797,-540,6.298082333E7,2025-10-20
I910341,82,5261019.58,2030-01-01
I922989,-1411,1.1368200066E8,2025-10-08
I929598,-1304,1.4883673407E8,2025-10-28
I932153,932,2530066.77,2030-01-01
I932248,981,1.4067244369E8,
I932914,-1754,1.4311002714E8,2025-09-11
I844056,491,6.988071582E7,
I845583,215,2.968540107E7,
I849354,-1823,1.591767809E7,2025-10-05
I850862,169,2.164645092E7,
I851771,339,3.316722423E7,2030-01-01
I854472,-689,6.438261237E7,2025-10-28
I855317,1303,9.368962378E7,
I857667,-1510,1.1915857402E8,2025-09-05
I864947,778,3.363582288E7,2030-01-01
I869510,-1073,0.0,2025-10-01
I870283,-1784,3.811342126E7,2025-09-04
I875339,-700,2.139262831E7,2030-01-01
I878976,994,7.500056591E7,
I879911,928,7.253793377E7,
I879994,897,1.239443896E8,2030-01-01
I880109,231,2.791039686E7,
I898022,-735,2.394195663E7,2030-01-01
I911958,-1445,2.1222459487E8,2025-10-11
I922619,1717,1.805213694E7,
I923041,-1224,7.596116883E7,2025-10-31
I924423,1471,7.479008427E7,2030-01-01
I934483,-1240,3672692.15,2025-09-15
I936943,-346,1.419635547E7,2025-09-27
I938588,543,3.491930708E7,
I832329,-637,1.955270187E7,2025-09-27
I835801,-901,1.2925585822E8,2025-10-23
I837370,-1013,4.134055082E7,2025-10-03
I843725,-710,8.670603882E7,2025-09-06
I848343,-1109,8.556438483E7,2025-10-16
I851685,-985,3.153012446E7,2025-09-27
I854212,878,8.872082559E7,2030-01-01
I859556,760,4.248409603E7,2030-01-01
I859738,-1842,2.716108341E8,2025-09-13
I864036,-145,1906299.53,2025-10-27
I865593,-1319,3.906089313E7,2025-09-11
I865819,-529,2.698203732E7,2025-09-16
I866550,-1707,2.2888240782E8,2025-10-05
I866759,1311,8598857.28,2030-01-01
I869856,1811,1.8520253352E8,
I874453,-1968,1.0225905537E8,2025-09-07
I876164,-78,1.071379126E7,2025-10-02
I881513,1435,5.801274275E7,2030-01-01
I885345,489,5.451825806E7,
I886562,1783,2.6566001042E8,
I890443,819,7.214434811E7,2030-01-01
I894839,95,1797532.89,2030-01-01
I898076,-1031,1.15093159E8,2025-10-11
I898857,-1015,2.436618696E7,2025-10-20
I900460,-1537,1.3774931109E8,2025-09-14
I905329,-437,9092608.67,2025-09-11
I908945,1714,1.728736339E7,
I913874,1730,1.2146668604E8,
I916255,532,5.753283731E7,2030-01-01
I916530,750,9.876644593E7,
I916781,1954,8.279203274E7,
I918337,1397,6.356961096E7,2030-01-01
I921527,944,2.235729455E7,2030-01-01
I925992,-1296,7.707393846E7,2025-09-14
I926445,1205,1.6049895761E8,
I934440,1041,5.735649899E7,2030-01-01
I823216,-1061,5.291635455E7,2025-10-09
I826095,-449,1973610.07,2025-09-25
I826969,1675,2.4697618567E8,2030-01-01
I828238,991,9.788269655E7,2030-01-01
I828646,1777,9.174850166E7,2030-01-01
I828920,-1407,1.5495728126E8,2025-10-18
I824215,494,4.484786751E7,
I831254,541,3.308246809E7,
I843636,1874,1.9157062446E8,
I844125,545,2782999.95,2030-01-01
I845229,-440,3.531975147E7,2025-09-11
I846835,1680,4.226782985E7,
I851876,-276,2.27916267E7,2025-09-25
I855067,-472,1.555547253E7,2030-01-01
I855557,643,7.105603019E7,
I857252,1897,1.6374571248E8,
I861228,-1636,8.518735013E7,2025-10-28
I864149,-1433,1.625578619E8,2025-09-18
I872060,419,2975546.9,2030-01-01
I877527,1200,1.506146063E8,2030-01-01
I877588,-1869,6.173632271E7,2025-09-29
I878570,869,5.997649179E7,
I887233,1457,3.986590099E7,
I887346,-91,1.157475955E7,2025-10-24
I898169,1619,1.4039347846E8,
I899178,-1557,1.6959975664E8,2025-10-03
I901466,-1124,1.1236141967E8,2025-09-20
I903526,-689,8.672554453E7,2025-10-16
I906981,1043,1.069862112E8,
I908215,161,1.351191875E7,
I915845,606,1.080700187E7,
I919004,-1156,1.6676608248E8,2025-10-01
I920393,926,1.1397260306E8,2030-01-01
I922469,867,5433684.46,2030-01-01
I922960,-1480,1.6653689601E8,2025-09-05
I925442,1074,1.2875151134E8,2030-01-01
I927623,752,4.400106578E7,2030-01-01
I927852,84,9797545.83,2030-01-01
I929131,124,7069705.24,2030-01-01
I936672,712,5.825487955E7,2030-01-01
I831895,-1415,1.4239858718E8,2025-09-25
I833047,-1999,1.9380395241E8,2025-09-23
I827032,950,1.2090649167E8,
I835561,869,1.397358631E7,
I837824,1997,4.674817779E7,
I839392,1831,7.983596448E7,2030-01-01
I849889,1721,7.377972461E7,2030-01-01
I850819,1908,1.639846929E7,
I851610,1429,1.2582229196E8,2030-01-01
I857335,-1776,1.358551377E7,2025-09-13
I867503,938,1.3233476243E8,2030-01-01
I867654,237,1.884877357E7,2030-01-01
I868732,-644,8.366351009E7,2025-10-20
I869928,-1560,2.033608746E7,2025-09-27
I887637,-1578,5.460886745E7,2025-09-10
I888721,96,1.180110744E7,
I889765,-446,4310712.36,2025-09-16
I898023,126,2301268.21,2030-01-01
I900086,-750,6.881720856E7,2025-10-12
I900939,-1301,9.297847722E7,2025-10-22
I902952,-1708,1.0309245163E8,2025-09-12
I905371,-1201,3.547423197E7,2025-10-13
I908251,651,2.553938086E7,2030-01-01
I919852,1783,1.854526931E8,2030-01-01
I926562,269,3.729770103E7,
I928645,-1760,6367344.33,2025-09-10
I932246,1809,2.3428477059E8,
I935694,-1763,2.210784512E8,2025-10-30
I937923,310,1.312407368E7,2030-01-01
I824330,1634,7692941.02,2030-01-01
I829600,1441,1.2062364989E8,2030-01-01
I829965,1409,2.0471374114E8,
I841502,463,5.302924091E7,
I845980,403,4.535896766E7,2030-01-01
I846540,776,1.78375373E7,2030-01-01
I847337,1486,1.497822932E7,
I847390,-1676,2.2855914418E8,2025-10-20
I851612,217,2577394.27,2030-01-01
I860194,-1886,1.4074247613E8,2025-09-01
I861238,-1478,3.665718657E7,2025-10-04
I862688,-187,2.439291296E7,2025-10-05
I864527,458,5.474618463E7,
I864736,1503,2.1471701037E8,
I868713,820,1.0960899805E8,
I869065,1757,2.2601489459E8,2030-01-01
I886263,-1415,1.9930863019E8,2025-09-12
I887060,1694,1.329756089E7,2030-01-01
I888089,-1863,2.063777736E8,2025-10-26
I888154,1995,2.8179240289E8,2030-01-01
I889511,768,2.168790467E7,2030-01-01
I894029,1280,1.5996245854E8,2030-01-01
I901577,942,1.1221644924E8,
I920983,1994,1.0681418583E8,
I922637,1545,1.5874372044E8,
I926464,1679,0.0,
I934783,982,1.49018741E7,2030-01-01
I935378,465,4.083806418E7,
I826774,1919,1.727377917E8,2030-01-01
I831943,885,8.901593729E7,2030-01-01
I831012,1493,5.266413567E7,
I838523,1901,1.4367718543E8,
I839946,1530,2.0512163526E8,
I841861,1390,1.081762207E7,
I842332,1873,2.156017036E8,2030-01-01
I851817,315,9211751.47,2030-01-01
I854668,1451,1.8474732574E8,
I857272,-641,6659267.2,2025-09-07
I859149,779,1.517342687E7,
I859632,-576,3.870996621E7,2025-09-28
I862293,-183,2.210571418E7,2025-09-12
I862860,838,8.882392864E7,2030-01-01
I866827,500,3264901.61,
I867953,1730,1.2765615803E8,
I872367,230,1.97181954E7,2030-01-01
I873978,1012,1.4936788313E8,
I874600,-1532,0.0,2025-09-21
I876864,1968,1.0254084194E8,
I882459,677,9.426277314E7,
I886488,1422,2.313665518E7,
I889477,693,7.560674439E7,
I895108,-1248,7.612093731E7,2025-10-09
I900548,-1152,1.1681348893E8,2025-10-04
I902477,-657,6302239.94,2025-10-10
I906158,244,5366564.49,2030-01-01
I907943,838,1.073482144E7,
I914279,1322,3.85620747E7,
I914702,-264,3774612.1,2025-10-05
I917415,1735,2.4689534E7,
I917475,202,1.086384885E7,2030-01-01
I917654,419,3.51516205E7,
I923257,542,1.450826772E7,
I926553,-940,0.0,2025-09-10
I928343,-942,1.1147952188E8,2025-10-18
I932806,915,6.014264038E7,
I934333,933,4.770226276E7,
I943070,376,3.749052019E7,2030-01-01
I948119,-798,3.513396565E7,2025-10-14
I944192,-1989,6.630842859E7,
I955583,1572,1.7536519076E8,
I959924,1089,1.739601689E7,
I962000,1119,1.4234187124E8,2030-01-01
I962933,1180,4105703.42,2030-01-01
I964384,-728,4.090937906E7,2025-09-22
I967563,1800,7.768262091E7,
I975524,1661,1.786952935E8,
I977039,-295,2.982483468E7,2025-09-24
I980658,-939,4.626045606E7,2025-10-15
I985380,1602,1.9009370556E8,2030-01-01
I993776,-293,1.876644636E7,2030-01-01
I996027,395,4.700837816E7,
I997490,1603,2760235.28,2030-01-01
I1001778,-526,1.139372858E7,2025-09-09
I1007163,-1875,2.5074884086E8,2025-09-03
I942474,-1879,1.3673312011E8,2025-10-25
I940870,356,3575883.48,
I951593,1047,6.991937563E7,2030-01-01
I959970,-1464,2.18674959E8,2025-09-14
I963553,873,4.874203194E7,
I964903,637,7.982290347E7,
I965952,1479,5.304291711E7,2030-01-01
I970165,1818,1068539.21,2030-01-01
I974691,-569,0.0,2025-10-24
I979754,-69,3280199.82,2025-10-01
I980946,1300,2.834565698E7,2030-01-01
I981249,-1017,1.5049721983E8,2025-10-03
I982897,598,4.708092018E7,2030-01-01
I983301,156,1994297.6,2030-01-01
I983453,669,8.650848867E7,
I983706,337,4.692832619E7,2030-01-01
I983717,1597,3.447199788E7,2030-01-01
I986391,290,2.947469068E7,2030-01-01
I988089,-501,3.939339627E7,2025-10-31
I988598,-1057,1.3150990578E8,2025-09-13
I996591,-662,9146918.71,2025-10-30
I949931,1382,9.137406922E7,2030-01-01
I943113,98,2775097.49,
I951692,1557,2.0908827047E8,
I957738,1622,3.531944186E7,2030-01-01
I958492,-1507,2.2442312951E8,2025-09-06
I961303,-236,3.124904491E7,2025-09-24
I962914,762,6.708508751E7,
I964681,1045,2.451809248E7,2030-01-01
I965768,1258,1.7642565378E8,2030-01-01
I967354,1086,1.2459907622E8,2030-01-01
I967548,1330,1.8963537409E8,
I968693,1069,1.5254286832E8,2030-01-01
I969847,-165,1.81502707E7,2025-10-13
I970049,-432,7244053.33,2025-10-05
I970271,1074,2.421056482E7,2030-01-01
I978068,-163,2.300118422E7,2025-09-17
I978934,-1760,1.5679571236E8,2025-09-23
I979211,-1660,7214073.3,2025-10-29
I983180,-194,1.66872489E7,2025-09-02
I992802,1369,3.639002298E7,2030-01-01
I1006005,-320,4.411344047E7,2025-09-27
I944447,-902,2.17756221E7,2025-10-16
I947988,-1524,1.5858464976E8,2025-10-20
I949652,1465,3.468162631E7,2030-01-01
I940752,360,4.6121455E7,
I949920,1238,1.1062197822E8,
I953828,-897,1.1036619127E8,2025-10-30
I956215,1341,1.0976375287E8,2030-01-01
I961570,-340,2.751681782E7,2025-09-19
I961917,225,3.178651532E7,2030-01-01
I962512,644,7.64317361E7,
I965477,898,1.2797079599E8,
I971327,-370,4.112030265E7,2025-10-12
I975745,887,3.492163043E7,
I976072,1006,1.0718951803E8,2030-01-01
I976134,1587,1.1050571252E8,2030-01-01
I976920,1246,1.3596616402E8,2030-01-01
I989215,-209,6177953.21,2025-09-07
I996250,560,5.300366574E7,2030-01-01
I1000094,1895,1.9313736E8,
I1002412,1264,7.528525392E7,
I1002577,1624,4.865506802E7,
I1008698,1102,1.565072774E7,
I1009497,-1275,7.071298403E7,2025-09-11
I1009627,-391,4.942630032E7,
I939687,566,1.261445749E7,2030-01-01
I940184,-291,2.770497246E7,2025-09-13
I945823,-152,6079830.48,2025-10-17
I955099,1918,2.306355179E7,2030-01-01
I955632,1902,2.2772113447E8,2030-01-01
I957668,206,2.108909157E7,
I961619,-401,5.20996173E7,2025-09-14
I963740,1744,1.1930033433E8,
I969509,1622,2.0226052526E8,2030-01-01
I972100,1583,9.947031721E7,2030-01-01
I972913,894,0.0,2030-01-01
I973044,-1993,1.6852493294E8,2025-10-19
I973204,1040,7.017349436E7,
I975247,1870,2.6183060997E8,
I978927,1737,4635189.23,
I979080,-1329,5.116043248E7,2025-09-13
I987901,1657,4638555.73,2030-01-01
I991900,378,2.43369814E7,2030-01-01
I994678,1039,1.237220105E7,
I995225,1384,6.911828488E7,2030-01-01
I1002543,805,0.0,
I1009142,-1554,7.340814845E7,2025-09-11
I944525,-1139,7853141.44,2025-09-18
I950926,871,2.71531543E7,2030-01-01
I942537,1637,1.8037780652E8,
I946048,1157,7.596338986E7,
I953019,468,0.0,
I959984,-775,1.0681435583E8,2025-10-24
I964057,828,2.254851542E7,
I964392,831,1.0018189634E8,
I966697,1601,2.2848155467E8,
I976718,303,1.954931052E7,2030-01-01
I987303,527,1.476295936E7,
I991199,1281,2.557384998E7,
I992039,1220,1.2720235722E8,2030-01-01
I994404,1179,1.2215878936E8,2030-01-01
I997428,-537,2.289523879E7,2025-10-06
I998879,1404,1.7731223967E8,2030-01-01
I1003682,-1450,1.8231497934E8,2025-09-11
I1004965,-1953,2.7412899372E8,2025-10-12
I942659,-239,3.569491058E7,2025-10-26
I947011,1103,5.050121685E7,2030-01-01
I950047,-1625,1.8464744976E8,2025-10-26
I950930,928,8.98639078E7,2030-01-01
I938999,77,3761714.79,
I954577,-1173,4.591232621E7,2025-09-17
I963601,-721,3.121476444E7,2025-09-22
I972620,-965,1.2682892122E8,2025-09-18
I972945,-1043,9.718536045E7,2025-09-08
I973209,-1994,2.1477854333E8,2025-10-24
I980104,708,2.109932261E7,
I980630,1093,2.452126138E7,2030-01-01
I983507,548,7.904059368E7,2030-01-01
I984515,-650,5.277635044E7,2025-10-31
I989924,-1596,2.0839741355E8,
I1003563,1693,6.329399658E7,2030-01-01
I1006800,585,8.237358222E7,2030-01-01
I1009267,1692,1.2706978514E8,
I1009450,833,4878406.91,2030-01-01
I939633,1723,1.6630350178E8,2030-01-01
I939634,-1474,1.8137960727E8,2030-01-01
I944622,1803,7.773909101E7,2030-01-01
I939446,744,5.416644126E7,
I945716,1642,2.2475348743E8,
I952160,-1829,5577179.28,2025-10-31
I957308,875,2.182431074E7,
I958534,927,9.909256203E7,
I962355,1819,1.8014392657E8,
I965652,-1957,1.333966922E8,2025-09-18
I968072,-958,1.3414147731E8,2025-10-31
I973704,404,5.888383485E7,
I973968,-268,3.326272154E7,2025-09-10
I974325,1197,1.5388540426E8,
I974615,904,8.743338549E7,
I978804,-730,1669517.07,2025-10-14
I979196,1927,2.3967018168E8,2030-01-01
I987168,-439,4.05837792E7,2025-09-01
I992805,1996,2.3211421776E8,
I993405,1370,1.0129099798E8,
I995753,1525,1.0804341999E8,2030-01-01
I999163,523,1.624232143E7,2030-01-01
I1001335,-124,6093238.01,2025-10-12
I1004710,1365,1.9761259567E8,2030-01-01
