seller_id,item_id,item_name,category,marketplace_price,expected_units_sold,expected_revenue,recommendation_source
S100,I682869,H&M Cotton Shirt,Apparel,102045.07500000001,5991.0,6.11352044325E8,competitor
S100,I535008,Dell XPS 13 Laptop,Electronics,147366.43,3968.0,5.8474999424E8,company
S100,I82474,LG 7kg Washing Machine,Home Appliances,147998.61,3940.0,5.831145234E8,company
S100,I51795,Skechers GoWalk,Footwear,144686.37,3960.0,5.729580251999999E8,company
S100,I350504,Levis Denim Jacket,Apparel,142220.12,3974.0,5.6518275688E8,company
S100,I318489,Dell XPS 13 Laptop,Electronics,138631.1,3942.0,5.464837962E8,company
S100,I248794,Dyson Vacuum Cleaner,Home Appliances,137914.86,3953.0,5.451774415799999E8,company
S100,I824500,Dell XPS 13 Laptop,Electronics,89802.625,5969.0,5.36031868625E8,competitor
S100,I639903,Allen Solly Formal Pants,Apparel,88559.64,5989.0,5.3038368396E8,competitor
S100,I128777,Sony WH-1000XM5 Headphones,Electronics,133718.55,3934.0,5.260487756999999E8,company
S101,I682869,H&M Cotton Shirt,Apparel,102045.07500000001,5991.0,6.11352044325E8,competitor
S101,I535008,Dell XPS 13 Laptop,Electronics,147366.43,3968.0,5.8474999424E8,company
S101,I82474,LG 7kg Washing Machine,Home Appliances,147998.61,3940.0,5.831145234E8,company
S101,I51795,Skechers GoWalk,Footwear,144686.37,3960.0,5.729580251999999E8,company
S101,I350504,Levis Denim Jacket,Apparel,142220.12,3974.0,5.6518275688E8,company
S101,I248794,Dyson Vacuum Cleaner,Home Appliances,137914.86,3953.0,5.451774415799999E8,company
S101,I824500,Dell XPS 13 Laptop,Electronics,89802.625,5969.0,5.36031868625E8,competitor
S101,I639903,Allen Solly Formal Pants,Apparel,88559.64,5989.0,5.3038368396E8,competitor
S101,I128777,Sony WH-1000XM5 Headphones,Electronics,133718.55,3934.0,5.260487756999999E8,company
S101,I837838,Boat Smartwatch,Electronics,132732.63,3961.0,5.2575394743E8,company
S102,I682869,H&M Cotton Shirt,Apparel,102045.07500000001,5991.0,6.11352044325E8,competitor
S102,I535008,Dell XPS 13 Laptop,Electronics,147366.43,3968.0,5.8474999424E8,company
S102,I82474,LG 7kg Washing Machine,Home Appliances,147998.61,3940.0,5.831145234E8,company
S102,I51795,Skechers GoWalk,Footwear,144686.37,3960.0,5.729580251999999E8,company
S102,I350504,Levis Denim Jacket,Apparel,142220.12,3974.0,5.6518275688E8,company
S102,I318489,Dell XPS 13 Laptop,Electronics,138631.1,3942.0,5.464837962E8,company
S102,I248794,Dyson Vacuum Cleaner,Home Appliances,137914.86,3953.0,5.451774415799999E8,company
S102,I824500,Dell XPS 13 Laptop,Electronics,89802.625,5969.0,5.36031868625E8,competitor
S102,I639903,Allen Solly Formal Pants,Apparel,88559.64,5989.0,5.3038368396E8,competitor
S102,I128777,Sony WH-1000XM5 Headphones,Electronics,133718.55,3934.0,5.260487756999999E8,company
S103,I682869,H&M Cotton Shirt,Apparel,102045.07500000001,5991.0,6.11352044325E8,competitor
S103,I535008,Dell XPS 13 Laptop,Electronics,147366.43,3968.0,5.8474999424E8,company
S103,I82474,LG 7kg Washing Machine,Home Appliances,147998.61,3940.0,5.831145234E8,company
S103,I51795,Skechers GoWalk,Footwear,144686.37,3960.0,5.729580251999999E8,company
S103,I350504,Levis Denim Jacket,Apparel,142220.12,3974.0,5.6518275688E8,company
S103,I318489,Dell XPS 13 Laptop,Electronics,138631.1,3942.0,5.464837962E8,company
S103,I248794,Dyson Vacuum Cleaner,Home Appliances,137914.86,3953.0,5.451774415799999E8,company
S103,I824500,Dell XPS 13 Laptop,Electronics,89802.625,5969.0,5.36031868625E8,competitor
S103,I639903,Allen Solly Formal Pants,Apparel,88559.64,5989.0,5.3038368396E8,competitor
S103,I128777,Sony WH-1000XM5 Headphones,Electronics,133718.55,3934.0,5.260487756999999E8,company
S104,I682869,H&M Cotton Shirt,Apparel,102045.07500000001,5991.0,6.11352044325E8,competitor
S104,I535008,Dell XPS 13 Laptop,Electronics,147366.43,3968.0,5.8474999424E8,company
S104,I82474,LG 7kg Washing Machine,Home Appliances,147998.61,3940.0,5.831145234E8,company
S104,I51795,Skechers GoWalk,Footwear,144686.37,3960.0,5.729580251999999E8,company
S104,I350504,Levis Denim Jacket,Apparel,142220.12,3974.0,5.6518275688E8,company
S104,I318489,Dell XPS 13 Laptop,Electronics,138631.1,3942.0,5.464837962E8,company
S104,I248794,Dyson Vacuum Cleaner,Home Appliances,137914.86,3953.0,5.451774415799999E8,company
S104,I824500,Dell XPS 13 Laptop,Electronics,89802.625,5969.0,5.36031868625E8,competitor
S104,I639903,Allen Solly Formal Pants,Apparel,88559.64,5989.0,5.3038368396E8,competitor
S104,I128777,Sony WH-1000XM5 Headphones,Electronics,133718.55,3934.0,5.260487756999999E8,company
S105,I682869,H&M Cotton Shirt,Apparel,102045.07500000001,5991.0,6.11352044325E8,competitor
S105,I535008,Dell XPS 13 Laptop,Electronics,147366.43,3968.0,5.8474999424E8,company
S105,I82474,LG 7kg Washing Machine,Home Appliances,147998.61,3940.0,5.831145234E8,company
S105,I51795,Skechers GoWalk,Footwear,144686.37,3960.0,5.729580251999999E8,company
S105,I350504,Levis Denim Jacket,Apparel,142220.12,3974.0,5.6518275688E8,company
S105,I318489,Dell XPS 13 Laptop,Electronics,138631.1,3942.0,5.464837962E8,company
S105,I248794,Dyson Vacuum Cleaner,Home Appliances,137914.86,3953.0,5.451774415799999E8,company
S105,I824500,Dell XPS 13 Laptop,Electronics,89802.625,5969.0,5.36031868625E8,competitor
S105,I639903,Allen Solly Formal Pants,Apparel,88559.64,5989.0,5.3038368396E8,competitor
S105,I128777,Sony WH-1000XM5 Headphones,Electronics,133718.55,3934.0,5.260487756999999E8,company
S106,I682869,H&M Cotton Shirt,Apparel,102045.07500000001,5991.0,6.11352044325E8,competitor
S106,I535008,Dell XPS 13 Laptop,Electronics,147366.43,3968.0,5.8474999424E8,company
S106,I82474,LG 7kg Washing Machine,Home Appliances,147998.61,3940.0,5.831145234E8,company
S106,I51795,Skechers GoWalk,Footwear,144686.37,3960.0,5.729580251999999E8,company
S106,I350504,Levis Denim Jacket,Apparel,142220.12,3974.0,5.6518275688E8,company
S106,I318489,Dell XPS 13 Laptop,Electronics,138631.1,3942.0,5.464837962E8,company
S106,I248794,Dyson Vacuum Cleaner,Home Appliances,137914.86,3953.0,5.451774415799999E8,company
S106,I824500,Dell XPS 13 Laptop,Electronics,89802.625,5969.0,5.36031868625E8,competitor
S106,I639903,Allen Solly Formal Pants,Apparel,88559.64,5989.0,5.3038368396E8,competitor
S106,I128777,Sony WH-1000XM5 Headphones,Electronics,133718.55,3934.0,5.260487756999999E8,company
S107,I682869,H&M Cotton Shirt,Apparel,102045.07500000001,5991.0,6.11352044325E8,competitor
S107,I535008,Dell XPS 13 Laptop,Electronics,147366.43,3968.0,5.8474999424E8,company
S107,I82474,LG 7kg Washing Machine,Home Appliances,147998.61,3940.0,5.831145234E8,company
S107,I51795,Skechers GoWalk,Footwear,144686.37,3960.0,5.729580251999999E8,company
S107,I350504,Levis Denim Jacket,Apparel,142220.12,3974.0,5.6518275688E8,company
S107,I318489,Dell XPS 13 Laptop,Electronics,138631.1,3942.0,5.464837962E8,company
S107,I248794,Dyson Vacuum Cleaner,Home Appliances,137914.86,3953.0,5.451774415799999E8,company
S107,I824500,Dell XPS 13 Laptop,Electronics,89802.625,5969.0,5.36031868625E8,competitor
S107,I639903,Allen Solly Formal Pants,Apparel,88559.64,5989.0,5.3038368396E8,competitor
S107,I128777,Sony WH-1000XM5 Headphones,Electronics,133718.55,3934.0,5.260487756999999E8,company
S108,I682869,H&M Cotton Shirt,Apparel,102045.07500000001,5991.0,6.11352044325E8,competitor
S108,I535008,Dell XPS 13 Laptop,Electronics,147366.43,3968.0,5.8474999424E8,company
S108,I82474,LG 7kg Washing Machine,Home Appliances,147998.61,3940.0,5.831145234E8,company
S108,I51795,Skechers GoWalk,Footwear,144686.37,3960.0,5.729580251999999E8,company
S108,I350504,Levis Denim Jacket,Apparel,142220.12,3974.0,5.6518275688E8,company
S108,I318489,Dell XPS 13 Laptop,Electronics,138631.1,3942.0,5.464837962E8,company
S108,I248794,Dyson Vacuum Cleaner,Home Appliances,137914.86,3953.0,5.451774415799999E8,company
S108,I824500,Dell XPS 13 Laptop,Electronics,89802.625,5969.0,5.36031868625E8,competitor
S108,I639903,Allen Solly Formal Pants,Apparel,88559.64,5989.0,5.3038368396E8,competitor
S108,I128777,Sony WH-1000XM5 Headphones,Electronics,133718.55,3934.0,5.260487756999999E8,company
S109,I682869,H&M Cotton Shirt,Apparel,102045.07500000001,5991.0,6.11352044325E8,competitor
S109,I535008,Dell XPS 13 Laptop,Electronics,147366.43,3968.0,5.8474999424E8,company
S109,I82474,LG 7kg Washing Machine,Home Appliances,147998.61,3940.0,5.831145234E8,company
S109,I51795,Skechers GoWalk,Footwear,144686.37,3960.0,5.729580251999999E8,company
S109,I350504,Levis Denim Jacket,Apparel,142220.12,3974.0,5.6518275688E8,company
S109,I318489,Dell XPS 13 Laptop,Electronics,138631.1,3942.0,5.464837962E8,company
S109,I248794,Dyson Vacuum Cleaner,Home Appliances,137914.86,3953.0,5.451774415799999E8,company
S109,I824500,Dell XPS 13 Laptop,Electronics,89802.625,5969.0,5.36031868625E8,competitor
S109,I639903,Allen Solly Formal Pants,Apparel,88559.64,5989.0,5.3038368396E8,competitor
S109,I128777,Sony WH-1000XM5 Headphones,Electronics,133718.55,3934.0,5.260487756999999E8,company
S110,I682869,H&M Cotton Shirt,Apparel,102045.07500000001,5991.0,6.11352044325E8,competitor
S110,I535008,Dell XPS 13 Laptop,Electronics,147366.43,3968.0,5.8474999424E8,company
S110,I82474,LG 7kg Washing Machine,Home Appliances,147998.61,3940.0,5.831145234E8,company
S110,I51795,Skechers GoWalk,Footwear,144686.37,3960.0,5.729580251999999E8,company
S110,I350504,Levis Denim Jacket,Apparel,142220.12,3974.0,5.6518275688E8,company
S110,I318489,Dell XPS 13 Laptop,Electronics,138631.1,3942.0,5.464837962E8,company
S110,I248794,Dyson Vacuum Cleaner,Home Appliances,137914.86,3953.0,5.451774415799999E8,company
S110,I824500,Dell XPS 13 Laptop,Electronics,89802.625,5969.0,5.36031868625E8,competitor
S110,I639903,Allen Solly Formal Pants,Apparel,88559.64,5989.0,5.3038368396E8,competitor
S110,I128777,Sony WH-1000XM5 Headphones,Electronics,133718.55,3934.0,5.260487756999999E8,company
S111,I682869,H&M Cotton Shirt,Apparel,102045.07500000001,5991.0,6.11352044325E8,competitor
S111,I535008,Dell XPS 13 Laptop,Electronics,147366.43,3968.0,5.8474999424E8,company
S111,I82474,LG 7kg Washing Machine,Home Appliances,147998.61,3940.0,5.831145234E8,company
S111,I51795,Skechers GoWalk,Footwear,144686.37,3960.0,5.729580251999999E8,company
S111,I350504,Levis Denim Jacket,Apparel,142220.12,3974.0,5.6518275688E8,company
S111,I318489,Dell XPS 13 Laptop,Electronics,138631.1,3942.0,5.464837962E8,company
S111,I248794,Dyson Vacuum Cleaner,Home Appliances,137914.86,3953.0,5.451774415799999E8,company
S111,I824500,Dell XPS 13 Laptop,Electronics,89802.625,5969.0,5.36031868625E8,competitor
S111,I639903,Allen Solly Formal Pants,Apparel,88559.64,5989.0,5.3038368396E8,competitor
S111,I128777,Sony WH-1000XM5 Headphones,Electronics,133718.55,3934.0,5.260487756999999E8,company
S112,I682869,H&M Cotton Shirt,Apparel,102045.07500000001,5991.0,6.11352044325E8,competitor
S112,I535008,Dell XPS 13 Laptop,Electronics,147366.43,3968.0,5.8474999424E8,company
S112,I82474,LG 7kg Washing Machine,Home Appliances,147998.61,3940.0,5.831145234E8,company
S112,I51795,Skechers GoWalk,Footwear,144686.37,3960.0,5.729580251999999E8,company
S112,I350504,Levis Denim Jacket,Apparel,142220.12,3974.0,5.6518275688E8,company
S112,I318489,Dell XPS 13 Laptop,Electronics,138631.1,3942.0,5.464837962E8,company
S112,I248794,Dyson Vacuum Cleaner,Home Appliances,137914.86,3953.0,5.451774415799999E8,company
S112,I824500,Dell XPS 13 Laptop,Electronics,89802.625,5969.0,5.36031868625E8,competitor
S112,I639903,Allen Solly Formal Pants,Apparel,88559.64,5989.0,5.3038368396E8,competitor
S112,I128777,Sony WH-1000XM5 Headphones,Electronics,133718.55,3934.0,5.260487756999999E8,company
S113,I682869,H&M Cotton Shirt,Apparel,102045.07500000001,5991.0,6.11352044325E8,competitor
S113,I535008,Dell XPS 13 Laptop,Electronics,147366.43,3968.0,5.8474999424E8,company
S113,I82474,LG 7kg Washing Machine,Home Appliances,147998.61,3940.0,5.831145234E8,company
S113,I51795,Skechers GoWalk,Footwear,144686.37,3960.0,5.729580251999999E8,company
S113,I350504,Levis Denim Jacket,Apparel,142220.12,3974.0,5.6518275688E8,company
S113,I318489,Dell XPS 13 Laptop,Electronics,138631.1,3942.0,5.464837962E8,company
S113,I248794,Dyson Vacuum Cleaner,Home Appliances,137914.86,3953.0,5.451774415799999E8,company
S113,I824500,Dell XPS 13 Laptop,Electronics,89802.625,5969.0,5.36031868625E8,competitor
S113,I639903,Allen Solly Formal Pants,Apparel,88559.64,5989.0,5.3038368396E8,competitor
S113,I128777,Sony WH-1000XM5 Headphones,Electronics,133718.55,3934.0,5.260487756999999E8,company
S114,I682869,H&M Cotton Shirt,Apparel,102045.07500000001,5991.0,6.11352044325E8,competitor
S114,I535008,Dell XPS 13 Laptop,Electronics,147366.43,3968.0,5.8474999424E8,company
S114,I82474,LG 7kg Washing Machine,Home Appliances,147998.61,3940.0,5.831145234E8,company
S114,I51795,Skechers GoWalk,Footwear,144686.37,3960.0,5.729580251999999E8,company
S114,I350504,Levis Denim Jacket,Apparel,142220.12,3974.0,5.6518275688E8,company
S114,I318489,Dell XPS 13 Laptop,Electronics,138631.1,3942.0,5.464837962E8,company
S114,I248794,Dyson Vacuum Cleaner,Home Appliances,137914.86,3953.0,5.451774415799999E8,company
S114,I824500,Dell XPS 13 Laptop,Electronics,89802.625,5969.0,5.36031868625E8,competitor
S114,I639903,Allen Solly Formal Pants,Apparel,88559.64,5989.0,5.3038368396E8,competitor
S114,I128777,Sony WH-1000XM5 Headphones,Electronics,133718.55,3934.0,5.260487756999999E8,company
S115,I682869,H&M Cotton Shirt,Apparel,102045.07500000001,5991.0,6.11352044325E8,competitor
S115,I535008,Dell XPS 13 Laptop,Electronics,147366.43,3968.0,5.8474999424E8,company
S115,I82474,LG 7kg Washing Machine,Home Appliances,147998.61,3940.0,5.831145234E8,company
S115,I51795,Skechers GoWalk,Footwear,144686.37,3960.0,5.729580251999999E8,company
S115,I350504,Levis Denim Jacket,Apparel,142220.12,3974.0,5.6518275688E8,company
S115,I318489,Dell XPS 13 Laptop,Electronics,138631.1,3942.0,5.464837962E8,company
S115,I248794,Dyson Vacuum Cleaner,Home Appliances,137914.86,3953.0,5.451774415799999E8,company
S115,I824500,Dell XPS 13 Laptop,Electronics,89802.625,5969.0,5.36031868625E8,competitor
S115,I639903,Allen Solly Formal Pants,Apparel,88559.64,5989.0,5.3038368396E8,competitor
S115,I128777,Sony WH-1000XM5 Headphones,Electronics,133718.55,3934.0,5.260487756999999E8,company
S116,I682869,H&M Cotton Shirt,Apparel,102045.07500000001,5991.0,6.11352044325E8,competitor
S116,I535008,Dell XPS 13 Laptop,Electronics,147366.43,3968.0,5.8474999424E8,company
S116,I82474,LG 7kg Washing Machine,Home Appliances,147998.61,3940.0,5.831145234E8,company
S116,I51795,Skechers GoWalk,Footwear,144686.37,3960.0,5.729580251999999E8,company
S116,I350504,Levis Denim Jacket,Apparel,142220.12,3974.0,5.6518275688E8,company
S116,I318489,Dell XPS 13 Laptop,Electronics,138631.1,3942.0,5.464837962E8,company
S116,I248794,Dyson Vacuum Cleaner,Home Appliances,137914.86,3953.0,5.451774415799999E8,company
S116,I824500,Dell XPS 13 Laptop,Electronics,89802.625,5969.0,5.36031868625E8,competitor
S116,I639903,Allen Solly Formal Pants,Apparel,88559.64,5989.0,5.3038368396E8,competitor
S116,I128777,Sony WH-1000XM5 Headphones,Electronics,133718.55,3934.0,5.260487756999999E8,company
S117,I682869,H&M Cotton Shirt,Apparel,102045.07500000001,5991.0,6.11352044325E8,competitor
S117,I535008,Dell XPS 13 Laptop,Electronics,147366.43,3968.0,5.8474999424E8,company
S117,I82474,LG 7kg Washing Machine,Home Appliances,147998.61,3940.0,5.831145234E8,company
S117,I51795,Skechers GoWalk,Footwear,144686.37,3960.0,5.729580251999999E8,company
S117,I350504,Levis Denim Jacket,Apparel,142220.12,3974.0,5.6518275688E8,company
S117,I318489,Dell XPS 13 Laptop,Electronics,138631.1,3942.0,5.464837962E8,company
S117,I248794,Dyson Vacuum Cleaner,Home Appliances,137914.86,3953.0,5.451774415799999E8,company
S117,I824500,Dell XPS 13 Laptop,Electronics,89802.625,5969.0,5.36031868625E8,competitor
S117,I639903,Allen Solly Formal Pants,Apparel,88559.64,5989.0,5.3038368396E8,competitor
S117,I128777,Sony WH-1000XM5 Headphones,Electronics,133718.55,3934.0,5.260487756999999E8,company
S118,I682869,H&M Cotton Shirt,Apparel,102045.07500000001,5991.0,6.11352044325E8,competitor
S118,I535008,Dell XPS 13 Laptop,Electronics,147366.43,3968.0,5.8474999424E8,company
S118,I82474,LG 7kg Washing Machine,Home Appliances,147998.61,3940.0,5.831145234E8,company
S118,I51795,Skechers GoWalk,Footwear,144686.37,3960.0,5.729580251999999E8,company
S118,I350504,Levis Denim Jacket,Apparel,142220.12,3974.0,5.6518275688E8,company
S118,I318489,Dell XPS 13 Laptop,Electronics,138631.1,3942.0,5.464837962E8,company
S118,I824500,Dell XPS 13 Laptop,Electronics,89802.625,5969.0,5.36031868625E8,competitor
S118,I639903,Allen Solly Formal Pants,Apparel,88559.64,5989.0,5.3038368396E8,competitor
S118,I128777,Sony WH-1000XM5 Headphones,Electronics,133718.55,3934.0,5.260487756999999E8,company
S118,I837838,Boat Smartwatch,Electronics,132732.63,3961.0,5.2575394743E8,company
S119,I682869,H&M Cotton Shirt,Apparel,102045.07500000001,5991.0,6.11352044325E8,competitor
S119,I535008,Dell XPS 13 Laptop,Electronics,147366.43,3968.0,5.8474999424E8,company
S119,I82474,LG 7kg Washing Machine,Home Appliances,147998.61,3940.0,5.831145234E8,company
S119,I51795,Skechers GoWalk,Footwear,144686.37,3960.0,5.729580251999999E8,company
S119,I350504,Levis Denim Jacket,Apparel,142220.12,3974.0,5.6518275688E8,company
S119,I318489,Dell XPS 13 Laptop,Electronics,138631.1,3942.0,5.464837962E8,company
S119,I248794,Dyson Vacuum Cleaner,Home Appliances,137914.86,3953.0,5.451774415799999E8,company
S119,I824500,Dell XPS 13 Laptop,Electronics,89802.625,5969.0,5.36031868625E8,competitor
S119,I639903,Allen Solly Formal Pants,Apparel,88559.64,5989.0,5.3038368396E8,competitor
S119,I128777,Sony WH-1000XM5 Headphones,Electronics,133718.55,3934.0,5.260487756999999E8,company
S120,I535008,Dell XPS 13 Laptop,Electronics,147366.43,3968.0,5.8474999424E8,company
S120,I82474,LG 7kg Washing Machine,Home Appliances,147998.61,3940.0,5.831145234E8,company
S120,I51795,Skechers GoWalk,Footwear,144686.37,3960.0,5.729580251999999E8,company
S120,I350504,Levis Denim Jacket,Apparel,142220.12,3974.0,5.6518275688E8,company
S120,I318489,Dell XPS 13 Laptop,Electronics,138631.1,3942.0,5.464837962E8,company
S120,I248794,Dyson Vacuum Cleaner,Home Appliances,137914.86,3953.0,5.451774415799999E8,company
S120,I824500,Dell XPS 13 Laptop,Electronics,89802.625,5969.0,5.36031868625E8,competitor
S120,I639903,Allen Solly Formal Pants,Apparel,88559.64,5989.0,5.3038368396E8,competitor
S120,I128777,Sony WH-1000XM5 Headphones,Electronics,133718.55,3934.0,5.260487756999999E8,company
S120,I837838,Boat Smartwatch,Electronics,132732.63,3961.0,5.2575394743E8,company
S121,I682869,H&M Cotton Shirt,Apparel,102045.07500000001,5991.0,6.11352044325E8,competitor
S121,I535008,Dell XPS 13 Laptop,Electronics,147366.43,3968.0,5.8474999424E8,company
S121,I82474,LG 7kg Washing Machine,Home Appliances,147998.61,3940.0,5.831145234E8,company
S121,I51795,Skechers GoWalk,Footwear,144686.37,3960.0,5.729580251999999E8,company
S121,I350504,Levis Denim Jacket,Apparel,142220.12,3974.0,5.6518275688E8,company
S121,I318489,Dell XPS 13 Laptop,Electronics,138631.1,3942.0,5.464837962E8,company
S121,I248794,Dyson Vacuum Cleaner,Home Appliances,137914.86,3953.0,5.451774415799999E8,company
S121,I824500,Dell XPS 13 Laptop,Electronics,89802.625,5969.0,5.36031868625E8,competitor
S121,I639903,Allen Solly Formal Pants,Apparel,88559.64,5989.0,5.3038368396E8,competitor
S121,I128777,Sony WH-1000XM5 Headphones,Electronics,133718.55,3934.0,5.260487756999999E8,company
S122,I682869,H&M Cotton Shirt,Apparel,102045.07500000001,5991.0,6.11352044325E8,competitor
S122,I535008,Dell XPS 13 Laptop,Electronics,147366.43,3968.0,5.8474999424E8,company
S122,I82474,LG 7kg Washing Machine,Home Appliances,147998.61,3940.0,5.831145234E8,company
S122,I51795,Skechers GoWalk,Footwear,144686.37,3960.0,5.729580251999999E8,company
S122,I350504,Levis Denim Jacket,Apparel,142220.12,3974.0,5.6518275688E8,company
S122,I318489,Dell XPS 13 Laptop,Electronics,138631.1,3942.0,5.464837962E8,company
S122,I248794,Dyson Vacuum Cleaner,Home Appliances,137914.86,3953.0,5.451774415799999E8,company
S122,I824500,Dell XPS 13 Laptop,Electronics,89802.625,5969.0,5.36031868625E8,competitor
S122,I639903,Allen Solly Formal Pants,Apparel,88559.64,5989.0,5.3038368396E8,competitor
S122,I128777,Sony WH-1000XM5 Headphones,Electronics,133718.55,3934.0,5.260487756999999E8,company
S123,I682869,H&M Cotton Shirt,Apparel,102045.07500000001,5991.0,6.11352044325E8,competitor
S123,I535008,Dell XPS 13 Laptop,Electronics,147366.43,3968.0,5.8474999424E8,company
S123,I82474,LG 7kg Washing Machine,Home Appliances,147998.61,3940.0,5.831145234E8,company
S123,I51795,Skechers GoWalk,Footwear,144686.37,3960.0,5.729580251999999E8,company
S123,I350504,Levis Denim Jacket,Apparel,142220.12,3974.0,5.6518275688E8,company
S123,I318489,Dell XPS 13 Laptop,Electronics,138631.1,3942.0,5.464837962E8,company
S123,I248794,Dyson Vacuum Cleaner,Home Appliances,137914.86,3953.0,5.451774415799999E8,company
S123,I824500,Dell XPS 13 Laptop,Electronics,89802.625,5969.0,5.36031868625E8,competitor
S123,I639903,Allen Solly Formal Pants,Apparel,88559.64,5989.0,5.3038368396E8,competitor
S123,I128777,Sony WH-1000XM5 Headphones,Electronics,133718.55,3934.0,5.260487756999999E8,company
S124,I682869,H&M Cotton Shirt,Apparel,102045.07500000001,5991.0,6.11352044325E8,competitor
S124,I535008,Dell XPS 13 Laptop,Electronics,147366.43,3968.0,5.8474999424E8,company
S124,I82474,LG 7kg Washing Machine,Home Appliances,147998.61,3940.0,5.831145234E8,company
S124,I51795,Skechers GoWalk,Footwear,144686.37,3960.0,5.729580251999999E8,company
S124,I350504,Levis Denim Jacket,Apparel,142220.12,3974.0,5.6518275688E8,company
S124,I318489,Dell XPS 13 Laptop,Electronics,138631.1,3942.0,5.464837962E8,company
S124,I248794,Dyson Vacuum Cleaner,Home Appliances,137914.86,3953.0,5.451774415799999E8,company
S124,I824500,Dell XPS 13 Laptop,Electronics,89802.625,5969.0,5.36031868625E8,competitor
S124,I639903,Allen Solly Formal Pants,Apparel,88559.64,5989.0,5.3038368396E8,competitor
S124,I128777,Sony WH-1000XM5 Headphones,Electronics,133718.55,3934.0,5.260487756999999E8,company
S125,I682869,H&M Cotton Shirt,Apparel,102045.07500000001,5991.0,6.11352044325E8,competitor
S125,I535008,Dell XPS 13 Laptop,Electronics,147366.43,3968.0,5.8474999424E8,company
S125,I82474,LG 7kg Washing Machine,Home Appliances,147998.61,3940.0,5.831145234E8,company
S125,I51795,Skechers GoWalk,Footwear,144686.37,3960.0,5.729580251999999E8,company
S125,I350504,Levis Denim Jacket,Apparel,142220.12,3974.0,5.6518275688E8,company
S125,I318489,Dell XPS 13 Laptop,Electronics,138631.1,3942.0,5.464837962E8,company
S125,I248794,Dyson Vacuum Cleaner,Home Appliances,137914.86,3953.0,5.451774415799999E8,company
S125,I824500,Dell XPS 13 Laptop,Electronics,89802.625,5969.0,5.36031868625E8,competitor
S125,I639903,Allen Solly Formal Pants,Apparel,88559.64,5989.0,5.3038368396E8,competitor
S125,I837838,Boat Smartwatch,Electronics,132732.63,3961.0,5.2575394743E8,company
S126,I682869,H&M Cotton Shirt,Apparel,102045.07500000001,5991.0,6.11352044325E8,competitor
S126,I535008,Dell XPS 13 Laptop,Electronics,147366.43,3968.0,5.8474999424E8,company
S126,I82474,LG 7kg Washing Machine,Home Appliances,147998.61,3940.0,5.831145234E8,company
S126,I51795,Skechers GoWalk,Footwear,144686.37,3960.0,5.729580251999999E8,company
S126,I350504,Levis Denim Jacket,Apparel,142220.12,3974.0,5.6518275688E8,company
S126,I318489,Dell XPS 13 Laptop,Electronics,138631.1,3942.0,5.464837962E8,company
S126,I248794,Dyson Vacuum Cleaner,Home Appliances,137914.86,3953.0,5.451774415799999E8,company
S126,I824500,Dell XPS 13 Laptop,Electronics,89802.625,5969.0,5.36031868625E8,competitor
S126,I639903,Allen Solly Formal Pants,Apparel,88559.64,5989.0,5.3038368396E8,competitor
S126,I128777,Sony WH-1000XM5 Headphones,Electronics,133718.55,3934.0,5.260487756999999E8,company
S127,I682869,H&M Cotton Shirt,Apparel,102045.07500000001,5991.0,6.11352044325E8,competitor
S127,I535008,Dell XPS 13 Laptop,Electronics,147366.43,3968.0,5.8474999424E8,company
S127,I82474,LG 7kg Washing Machine,Home Appliances,147998.61,3940.0,5.831145234E8,company
S127,I51795,Skechers GoWalk,Footwear,144686.37,3960.0,5.729580251999999E8,company
S127,I350504,Levis Denim Jacket,Apparel,142220.12,3974.0,5.6518275688E8,company
S127,I318489,Dell XPS 13 Laptop,Electronics,138631.1,3942.0,5.464837962E8,company
S127,I248794,Dyson Vacuum Cleaner,Home Appliances,137914.86,3953.0,5.451774415799999E8,company
S127,I824500,Dell XPS 13 Laptop,Electronics,89802.625,5969.0,5.36031868625E8,competitor
S127,I639903,Allen Solly Formal Pants,Apparel,88559.64,5989.0,5.3038368396E8,competitor
S127,I128777,Sony WH-1000XM5 Headphones,Electronics,133718.55,3934.0,5.260487756999999E8,company
S128,I682869,H&M Cotton Shirt,Apparel,102045.07500000001,5991.0,6.11352044325E8,competitor
S128,I535008,Dell XPS 13 Laptop,Electronics,147366.43,3968.0,5.8474999424E8,company
S128,I82474,LG 7kg Washing Machine,Home Appliances,147998.61,3940.0,5.831145234E8,company
S128,I51795,Skechers GoWalk,Footwear,144686.37,3960.0,5.729580251999999E8,company
S128,I350504,Levis Denim Jacket,Apparel,142220.12,3974.0,5.6518275688E8,company
S128,I318489,Dell XPS 13 Laptop,Electronics,138631.1,3942.0,5.464837962E8,company
S128,I248794,Dyson Vacuum Cleaner,Home Appliances,137914.86,3953.0,5.451774415799999E8,company
S128,I824500,Dell XPS 13 Laptop,Electronics,89802.625,5969.0,5.36031868625E8,competitor
S128,I639903,Allen Solly Formal Pants,Apparel,88559.64,5989.0,5.3038368396E8,competitor
S128,I128777,Sony WH-1000XM5 Headphones,Electronics,133718.55,3934.0,5.260487756999999E8,company
S129,I682869,H&M Cotton Shirt,Apparel,102045.07500000001,5991.0,6.11352044325E8,competitor
S129,I535008,Dell XPS 13 Laptop,Electronics,147366.43,3968.0,5.8474999424E8,company
S129,I82474,LG 7kg Washing Machine,Home Appliances,147998.61,3940.0,5.831145234E8,company
S129,I51795,Skechers GoWalk,Footwear,144686.37,3960.0,5.729580251999999E8,company
S129,I350504,Levis Denim Jacket,Apparel,142220.12,3974.0,5.6518275688E8,company
S129,I318489,Dell XPS 13 Laptop,Electronics,138631.1,3942.0,5.464837962E8,company
S129,I248794,Dyson Vacuum Cleaner,Home Appliances,137914.86,3953.0,5.451774415799999E8,company
S129,I824500,Dell XPS 13 Laptop,Electronics,89802.625,5969.0,5.36031868625E8,competitor
S129,I639903,Allen Solly Formal Pants,Apparel,88559.64,5989.0,5.3038368396E8,competitor
S129,I128777,Sony WH-1000XM5 Headphones,Electronics,133718.55,3934.0,5.260487756999999E8,company
S130,I682869,H&M Cotton Shirt,Apparel,102045.07500000001,5991.0,6.11352044325E8,competitor
S130,I535008,Dell XPS 13 Laptop,Electronics,147366.43,3968.0,5.8474999424E8,company
S130,I82474,LG 7kg Washing Machine,Home Appliances,147998.61,3940.0,5.831145234E8,company
S130,I51795,Skechers GoWalk,Footwear,144686.37,3960.0,5.729580251999999E8,company
S130,I350504,Levis Denim Jacket,Apparel,142220.12,3974.0,5.6518275688E8,company
S130,I318489,Dell XPS 13 Laptop,Electronics,138631.1,3942.0,5.464837962E8,company
S130,I248794,Dyson Vacuum Cleaner,Home Appliances,137914.86,3953.0,5.451774415799999E8,company
S130,I824500,Dell XPS 13 Laptop,Electronics,89802.625,5969.0,5.36031868625E8,competitor
S130,I639903,Allen Solly Formal Pants,Apparel,88559.64,5989.0,5.3038368396E8,competitor
S130,I128777,Sony WH-1000XM5 Headphones,Electronics,133718.55,3934.0,5.260487756999999E8,company
S131,I682869,H&M Cotton Shirt,Apparel,102045.07500000001,5991.0,6.11352044325E8,competitor
S131,I535008,Dell XPS 13 Laptop,Electronics,147366.43,3968.0,5.8474999424E8,company
S131,I82474,LG 7kg Washing Machine,Home Appliances,147998.61,3940.0,5.831145234E8,company
S131,I51795,Skechers GoWalk,Footwear,144686.37,3960.0,5.729580251999999E8,company
S131,I350504,Levis Denim Jacket,Apparel,142220.12,3974.0,5.6518275688E8,company
S131,I318489,Dell XPS 13 Laptop,Electronics,138631.1,3942.0,5.464837962E8,company
S131,I248794,Dyson Vacuum Cleaner,Home Appliances,137914.86,3953.0,5.451774415799999E8,company
S131,I824500,Dell XPS 13 Laptop,Electronics,89802.625,5969.0,5.36031868625E8,competitor
S131,I639903,Allen Solly Formal Pants,Apparel,88559.64,5989.0,5.3038368396E8,competitor
S131,I128777,Sony WH-1000XM5 Headphones,Electronics,133718.55,3934.0,5.260487756999999E8,company
S132,I682869,H&M Cotton Shirt,Apparel,102045.07500000001,5991.0,6.11352044325E8,competitor
S132,I535008,Dell XPS 13 Laptop,Electronics,147366.43,3968.0,5.8474999424E8,company
S132,I82474,LG 7kg Washing Machine,Home Appliances,147998.61,3940.0,5.831145234E8,company
S132,I51795,Skechers GoWalk,Footwear,144686.37,3960.0,5.729580251999999E8,company
S132,I350504,Levis Denim Jacket,Apparel,142220.12,3974.0,5.6518275688E8,company
S132,I318489,Dell XPS 13 Laptop,Electronics,138631.1,3942.0,5.464837962E8,company
S132,I248794,Dyson Vacuum Cleaner,Home Appliances,137914.86,3953.0,5.451774415799999E8,company
S132,I824500,Dell XPS 13 Laptop,Electronics,89802.625,5969.0,5.36031868625E8,competitor
S132,I639903,Allen Solly Formal Pants,Apparel,88559.64,5989.0,5.3038368396E8,competitor
S132,I128777,Sony WH-1000XM5 Headphones,Electronics,133718.55,3934.0,5.260487756999999E8,company
S133,I682869,H&M Cotton Shirt,Apparel,102045.07500000001,5991.0,6.11352044325E8,competitor
S133,I535008,Dell XPS 13 Laptop,Electronics,147366.43,3968.0,5.8474999424E8,company
S133,I82474,LG 7kg Washing Machine,Home Appliances,147998.61,3940.0,5.831145234E8,company
S133,I51795,Skechers GoWalk,Footwear,144686.37,3960.0,5.729580251999999E8,company
S133,I350504,Levis Denim Jacket,Apparel,142220.12,3974.0,5.6518275688E8,company
S133,I318489,Dell XPS 13 Laptop,Electronics,138631.1,3942.0,5.464837962E8,company
S133,I248794,Dyson Vacuum Cleaner,Home Appliances,137914.86,3953.0,5.451774415799999E8,company
S133,I824500,Dell XPS 13 Laptop,Electronics,89802.625,5969.0,5.36031868625E8,competitor
S133,I639903,Allen Solly Formal Pants,Apparel,88559.64,5989.0,5.3038368396E8,competitor
S133,I128777,Sony WH-1000XM5 Headphones,Electronics,133718.55,3934.0,5.260487756999999E8,company
S134,I682869,H&M Cotton Shirt,Apparel,102045.07500000001,5991.0,6.11352044325E8,competitor
S134,I535008,Dell XPS 13 Laptop,Electronics,147366.43,3968.0,5.8474999424E8,company
S134,I82474,LG 7kg Washing Machine,Home Appliances,147998.61,3940.0,5.831145234E8,company
S134,I51795,Skechers GoWalk,Footwear,144686.37,3960.0,5.729580251999999E8,company
S134,I350504,Levis Denim Jacket,Apparel,142220.12,3974.0,5.6518275688E8,company
S134,I318489,Dell XPS 13 Laptop,Electronics,138631.1,3942.0,5.464837962E8,company
S134,I248794,Dyson Vacuum Cleaner,Home Appliances,137914.86,3953.0,5.451774415799999E8,company
S134,I824500,Dell XPS 13 Laptop,Electronics,89802.625,5969.0,5.36031868625E8,competitor
S134,I639903,Allen Solly Formal Pants,Apparel,88559.64,5989.0,5.3038368396E8,competitor
S134,I128777,Sony WH-1000XM5 Headphones,Electronics,133718.55,3934.0,5.260487756999999E8,company
S135,I682869,H&M Cotton Shirt,Apparel,102045.07500000001,5991.0,6.11352044325E8,competitor
S135,I535008,Dell XPS 13 Laptop,Electronics,147366.43,3968.0,5.8474999424E8,company
S135,I82474,LG 7kg Washing Machine,Home Appliances,147998.61,3940.0,5.831145234E8,company
S135,I51795,Skechers GoWalk,Footwear,144686.37,3960.0,5.729580251999999E8,company
S135,I350504,Levis Denim Jacket,Apparel,142220.12,3974.0,5.6518275688E8,company
S135,I318489,Dell XPS 13 Laptop,Electronics,138631.1,3942.0,5.464837962E8,company
S135,I248794,Dyson Vacuum Cleaner,Home Appliances,137914.86,3953.0,5.451774415799999E8,company
S135,I824500,Dell XPS 13 Laptop,Electronics,89802.625,5969.0,5.36031868625E8,competitor
S135,I639903,Allen Solly Formal Pants,Apparel,88559.64,5989.0,5.3038368396E8,competitor
S135,I128777,Sony WH-1000XM5 Headphones,Electronics,133718.55,3934.0,5.260487756999999E8,company
S136,I682869,H&M Cotton Shirt,Apparel,102045.07500000001,5991.0,6.11352044325E8,competitor
S136,I535008,Dell XPS 13 Laptop,Electronics,147366.43,3968.0,5.8474999424E8,company
S136,I82474,LG 7kg Washing Machine,Home Appliances,147998.61,3940.0,5.831145234E8,company
S136,I51795,Skechers GoWalk,Footwear,144686.37,3960.0,5.729580251999999E8,company
S136,I350504,Levis Denim Jacket,Apparel,142220.12,3974.0,5.6518275688E8,company
S136,I318489,Dell XPS 13 Laptop,Electronics,138631.1,3942.0,5.464837962E8,company
S136,I248794,Dyson Vacuum Cleaner,Home Appliances,137914.86,3953.0,5.451774415799999E8,company
S136,I824500,Dell XPS 13 Laptop,Electronics,89802.625,5969.0,5.36031868625E8,competitor
S136,I128777,Sony WH-1000XM5 Headphones,Electronics,133718.55,3934.0,5.260487756999999E8,company
S136,I837838,Boat Smartwatch,Electronics,132732.63,3961.0,5.2575394743E8,company
S137,I682869,H&M Cotton Shirt,Apparel,102045.07500000001,5991.0,6.11352044325E8,competitor
S137,I535008,Dell XPS 13 Laptop,Electronics,147366.43,3968.0,5.8474999424E8,company
S137,I82474,LG 7kg Washing Machine,Home Appliances,147998.61,3940.0,5.831145234E8,company
S137,I51795,Skechers GoWalk,Footwear,144686.37,3960.0,5.729580251999999E8,company
S137,I350504,Levis Denim Jacket,Apparel,142220.12,3974.0,5.6518275688E8,company
S137,I318489,Dell XPS 13 Laptop,Electronics,138631.1,3942.0,5.464837962E8,company
S137,I248794,Dyson Vacuum Cleaner,Home Appliances,137914.86,3953.0,5.451774415799999E8,company
S137,I824500,Dell XPS 13 Laptop,Electronics,89802.625,5969.0,5.36031868625E8,competitor
S137,I639903,Allen Solly Formal Pants,Apparel,88559.64,5989.0,5.3038368396E8,competitor
S137,I128777,Sony WH-1000XM5 Headphones,Electronics,133718.55,3934.0,5.260487756999999E8,company
S138,I682869,H&M Cotton Shirt,Apparel,102045.07500000001,5991.0,6.11352044325E8,competitor
S138,I535008,Dell XPS 13 Laptop,Electronics,147366.43,3968.0,5.8474999424E8,company
S138,I82474,LG 7kg Washing Machine,Home Appliances,147998.61,3940.0,5.831145234E8,company
S138,I51795,Skechers GoWalk,Footwear,144686.37,3960.0,5.729580251999999E8,company
S138,I318489,Dell XPS 13 Laptop,Electronics,138631.1,3942.0,5.464837962E8,company
S138,I248794,Dyson Vacuum Cleaner,Home Appliances,137914.86,3953.0,5.451774415799999E8,company
S138,I824500,Dell XPS 13 Laptop,Electronics,89802.625,5969.0,5.36031868625E8,competitor
S138,I639903,Allen Solly Formal Pants,Apparel,88559.64,5989.0,5.3038368396E8,competitor
S138,I128777,Sony WH-1000XM5 Headphones,Electronics,133718.55,3934.0,5.260487756999999E8,company
S138,I837838,Boat Smartwatch,Electronics,132732.63,3961.0,5.2575394743E8,company
S139,I682869,H&M Cotton Shirt,Apparel,102045.07500000001,5991.0,6.11352044325E8,competitor
S139,I535008,Dell XPS 13 Laptop,Electronics,147366.43,3968.0,5.8474999424E8,company
S139,I82474,LG 7kg Washing Machine,Home Appliances,147998.61,3940.0,5.831145234E8,company
S139,I51795,Skechers GoWalk,Footwear,144686.37,3960.0,5.729580251999999E8,company
S139,I350504,Levis Denim Jacket,Apparel,142220.12,3974.0,5.6518275688E8,company
S139,I318489,Dell XPS 13 Laptop,Electronics,138631.1,3942.0,5.464837962E8,company
S139,I248794,Dyson Vacuum Cleaner,Home Appliances,137914.86,3953.0,5.451774415799999E8,company
S139,I824500,Dell XPS 13 Laptop,Electronics,89802.625,5969.0,5.36031868625E8,competitor
S139,I639903,Allen Solly Formal Pants,Apparel,88559.64,5989.0,5.3038368396E8,competitor
S139,I128777,Sony WH-1000XM5 Headphones,Electronics,133718.55,3934.0,5.260487756999999E8,company
S140,I682869,H&M Cotton Shirt,Apparel,102045.07500000001,5991.0,6.11352044325E8,competitor
S140,I82474,LG 7kg Washing Machine,Home Appliances,147998.61,3940.0,5.831145234E8,company
S140,I51795,Skechers GoWalk,Footwear,144686.37,3960.0,5.729580251999999E8,company
S140,I350504,Levis Denim Jacket,Apparel,142220.12,3974.0,5.6518275688E8,company
S140,I318489,Dell XPS 13 Laptop,Electronics,138631.1,3942.0,5.464837962E8,company
S140,I248794,Dyson Vacuum Cleaner,Home Appliances,137914.86,3953.0,5.451774415799999E8,company
S140,I824500,Dell XPS 13 Laptop,Electronics,89802.625,5969.0,5.36031868625E8,competitor
S140,I639903,Allen Solly Formal Pants,Apparel,88559.64,5989.0,5.3038368396E8,competitor
S140,I128777,Sony WH-1000XM5 Headphones,Electronics,133718.55,3934.0,5.260487756999999E8,company
S140,I837838,Boat Smartwatch,Electronics,132732.63,3961.0,5.2575394743E8,company
S141,I682869,H&M Cotton Shirt,Apparel,102045.07500000001,5991.0,6.11352044325E8,competitor
S141,I535008,Dell XPS 13 Laptop,Electronics,147366.43,3968.0,5.8474999424E8,company
S141,I82474,LG 7kg Washing Machine,Home Appliances,147998.61,3940.0,5.831145234E8,company
S141,I51795,Skechers GoWalk,Footwear,144686.37,3960.0,5.729580251999999E8,company
S141,I350504,Levis Denim Jacket,Apparel,142220.12,3974.0,5.6518275688E8,company
S141,I318489,Dell XPS 13 Laptop,Electronics,138631.1,3942.0,5.464837962E8,company
S141,I248794,Dyson Vacuum Cleaner,Home Appliances,137914.86,3953.0,5.451774415799999E8,company
S141,I824500,Dell XPS 13 Laptop,Electronics,89802.625,5969.0,5.36031868625E8,competitor
S141,I639903,Allen Solly Formal Pants,Apparel,88559.64,5989.0,5.3038368396E8,competitor
S141,I128777,Sony WH-1000XM5 Headphones,Electronics,133718.55,3934.0,5.260487756999999E8,company
S142,I682869,H&M Cotton Shirt,Apparel,102045.07500000001,5991.0,6.11352044325E8,competitor
S142,I535008,Dell XPS 13 Laptop,Electronics,147366.43,3968.0,5.8474999424E8,company
S142,I82474,LG 7kg Washing Machine,Home Appliances,147998.61,3940.0,5.831145234E8,company
S142,I51795,Skechers GoWalk,Footwear,144686.37,3960.0,5.729580251999999E8,company
S142,I350504,Levis Denim Jacket,Apparel,142220.12,3974.0,5.6518275688E8,company
S142,I318489,Dell XPS 13 Laptop,Electronics,138631.1,3942.0,5.464837962E8,company
S142,I248794,Dyson Vacuum Cleaner,Home Appliances,137914.86,3953.0,5.451774415799999E8,company
S142,I824500,Dell XPS 13 Laptop,Electronics,89802.625,5969.0,5.36031868625E8,competitor
S142,I639903,Allen Solly Formal Pants,Apparel,88559.64,5989.0,5.3038368396E8,competitor
S142,I128777,Sony WH-1000XM5 Headphones,Electronics,133718.55,3934.0,5.260487756999999E8,company
S143,I682869,H&M Cotton Shirt,Apparel,102045.07500000001,5991.0,6.11352044325E8,competitor
S143,I535008,Dell XPS 13 Laptop,Electronics,147366.43,3968.0,5.8474999424E8,company
S143,I82474,LG 7kg Washing Machine,Home Appliances,147998.61,3940.0,5.831145234E8,company
S143,I51795,Skechers GoWalk,Footwear,144686.37,3960.0,5.729580251999999E8,company
S143,I350504,Levis Denim Jacket,Apparel,142220.12,3974.0,5.6518275688E8,company
S143,I318489,Dell XPS 13 Laptop,Electronics,138631.1,3942.0,5.464837962E8,company
S143,I248794,Dyson Vacuum Cleaner,Home Appliances,137914.86,3953.0,5.451774415799999E8,company
S143,I639903,Allen Solly Formal Pants,Apparel,88559.64,5989.0,5.3038368396E8,competitor
S143,I128777,Sony WH-1000XM5 Headphones,Electronics,133718.55,3934.0,5.260487756999999E8,company
S143,I837838,Boat Smartwatch,Electronics,132732.63,3961.0,5.2575394743E8,company
S144,I682869,H&M Cotton Shirt,Apparel,102045.07500000001,5991.0,6.11352044325E8,competitor
S144,I535008,Dell XPS 13 Laptop,Electronics,147366.43,3968.0,5.8474999424E8,company
S144,I82474,LG 7kg Washing Machine,Home Appliances,147998.61,3940.0,5.831145234E8,company
S144,I51795,Skechers GoWalk,Footwear,144686.37,3960.0,5.729580251999999E8,company
S144,I350504,Levis Denim Jacket,Apparel,142220.12,3974.0,5.6518275688E8,company
S144,I318489,Dell XPS 13 Laptop,Electronics,138631.1,3942.0,5.464837962E8,company
S144,I248794,Dyson Vacuum Cleaner,Home Appliances,137914.86,3953.0,5.451774415799999E8,company
S144,I824500,Dell XPS 13 Laptop,Electronics,89802.625,5969.0,5.36031868625E8,competitor
S144,I639903,Allen Solly Formal Pants,Apparel,88559.64,5989.0,5.3038368396E8,competitor
S144,I128777,Sony WH-1000XM5 Headphones,Electronics,133718.55,3934.0,5.260487756999999E8,company
S145,I682869,H&M Cotton Shirt,Apparel,102045.07500000001,5991.0,6.11352044325E8,competitor
S145,I535008,Dell XPS 13 Laptop,Electronics,147366.43,3968.0,5.8474999424E8,company
S145,I82474,LG 7kg Washing Machine,Home Appliances,147998.61,3940.0,5.831145234E8,company
S145,I51795,Skechers GoWalk,Footwear,144686.37,3960.0,5.729580251999999E8,company
S145,I350504,Levis Denim Jacket,Apparel,142220.12,3974.0,5.6518275688E8,company
S145,I318489,Dell XPS 13 Laptop,Electronics,138631.1,3942.0,5.464837962E8,company
S145,I248794,Dyson Vacuum Cleaner,Home Appliances,137914.86,3953.0,5.451774415799999E8,company
S145,I824500,Dell XPS 13 Laptop,Electronics,89802.625,5969.0,5.36031868625E8,competitor
S145,I639903,Allen Solly Formal Pants,Apparel,88559.64,5989.0,5.3038368396E8,competitor
S145,I128777,Sony WH-1000XM5 Headphones,Electronics,133718.55,3934.0,5.260487756999999E8,company
S146,I682869,H&M Cotton Shirt,Apparel,102045.07500000001,5991.0,6.11352044325E8,competitor
S146,I535008,Dell XPS 13 Laptop,Electronics,147366.43,3968.0,5.8474999424E8,company
S146,I51795,Skechers GoWalk,Footwear,144686.37,3960.0,5.729580251999999E8,company
S146,I350504,Levis Denim Jacket,Apparel,142220.12,3974.0,5.6518275688E8,company
S146,I318489,Dell XPS 13 Laptop,Electronics,138631.1,3942.0,5.464837962E8,company
S146,I248794,Dyson Vacuum Cleaner,Home Appliances,137914.86,3953.0,5.451774415799999E8,company
S146,I824500,Dell XPS 13 Laptop,Electronics,89802.625,5969.0,5.36031868625E8,competitor
S146,I639903,Allen Solly Formal Pants,Apparel,88559.64,5989.0,5.3038368396E8,competitor
S146,I128777,Sony WH-1000XM5 Headphones,Electronics,133718.55,3934.0,5.260487756999999E8,company
S146,I837838,Boat Smartwatch,Electronics,132732.63,3961.0,5.2575394743E8,company
S147,I682869,H&M Cotton Shirt,Apparel,102045.07500000001,5991.0,6.11352044325E8,competitor
S147,I535008,Dell XPS 13 Laptop,Electronics,147366.43,3968.0,5.8474999424E8,company
S147,I82474,LG 7kg Washing Machine,Home Appliances,147998.61,3940.0,5.831145234E8,company
S147,I51795,Skechers GoWalk,Footwear,144686.37,3960.0,5.729580251999999E8,company
S147,I350504,Levis Denim Jacket,Apparel,142220.12,3974.0,5.6518275688E8,company
S147,I318489,Dell XPS 13 Laptop,Electronics,138631.1,3942.0,5.464837962E8,company
S147,I248794,Dyson Vacuum Cleaner,Home Appliances,137914.86,3953.0,5.451774415799999E8,company
S147,I824500,Dell XPS 13 Laptop,Electronics,89802.625,5969.0,5.36031868625E8,competitor
S147,I639903,Allen Solly Formal Pants,Apparel,88559.64,5989.0,5.3038368396E8,competitor
S147,I128777,Sony WH-1000XM5 Headphones,Electronics,133718.55,3934.0,5.260487756999999E8,company
S148,I682869,H&M Cotton Shirt,Apparel,102045.07500000001,5991.0,6.11352044325E8,competitor
S148,I535008,Dell XPS 13 Laptop,Electronics,147366.43,3968.0,5.8474999424E8,company
S148,I82474,LG 7kg Washing Machine,Home Appliances,147998.61,3940.0,5.831145234E8,company
S148,I51795,Skechers GoWalk,Footwear,144686.37,3960.0,5.729580251999999E8,company
S148,I350504,Levis Denim Jacket,Apparel,142220.12,3974.0,5.6518275688E8,company
S148,I318489,Dell XPS 13 Laptop,Electronics,138631.1,3942.0,5.464837962E8,company
S148,I248794,Dyson Vacuum Cleaner,Home Appliances,137914.86,3953.0,5.451774415799999E8,company
S148,I824500,Dell XPS 13 Laptop,Electronics,89802.625,5969.0,5.36031868625E8,competitor
S148,I639903,Allen Solly Formal Pants,Apparel,88559.64,5989.0,5.3038368396E8,competitor
S148,I128777,Sony WH-1000XM5 Headphones,Electronics,133718.55,3934.0,5.260487756999999E8,company
S149,I682869,H&M Cotton Shirt,Apparel,102045.07500000001,5991.0,6.11352044325E8,competitor
S149,I535008,Dell XPS 13 Laptop,Electronics,147366.43,3968.0,5.8474999424E8,company
S149,I82474,LG 7kg Washing Machine,Home Appliances,147998.61,3940.0,5.831145234E8,company
S149,I350504,Levis Denim Jacket,Apparel,142220.12,3974.0,5.6518275688E8,company
S149,I318489,Dell XPS 13 Laptop,Electronics,138631.1,3942.0,5.464837962E8,company
S149,I248794,Dyson Vacuum Cleaner,Home Appliances,137914.86,3953.0,5.451774415799999E8,company
S149,I824500,Dell XPS 13 Laptop,Electronics,89802.625,5969.0,5.36031868625E8,competitor
S149,I639903,Allen Solly Formal Pants,Apparel,88559.64,5989.0,5.3038368396E8,competitor
S149,I128777,Sony WH-1000XM5 Headphones,Electronics,133718.55,3934.0,5.260487756999999E8,company
S149,I837838,Boat Smartwatch,Electronics,132732.63,3961.0,5.2575394743E8,company
S150,I682869,H&M Cotton Shirt,Apparel,102045.07500000001,5991.0,6.11352044325E8,competitor
S150,I535008,Dell XPS 13 Laptop,Electronics,147366.43,3968.0,5.8474999424E8,company
S150,I82474,LG 7kg Washing Machine,Home Appliances,147998.61,3940.0,5.831145234E8,company
S150,I51795,Skechers GoWalk,Footwear,144686.37,3960.0,5.729580251999999E8,company
S150,I350504,Levis Denim Jacket,Apparel,142220.12,3974.0,5.6518275688E8,company
S150,I318489,Dell XPS 13 Laptop,Electronics,138631.1,3942.0,5.464837962E8,company
S150,I248794,Dyson Vacuum Cleaner,Home Appliances,137914.86,3953.0,5.451774415799999E8,company
S150,I824500,Dell XPS 13 Laptop,Electronics,89802.625,5969.0,5.36031868625E8,competitor
S150,I639903,Allen Solly Formal Pants,Apparel,88559.64,5989.0,5.3038368396E8,competitor
S150,I128777,Sony WH-1000XM5 Headphones,Electronics,133718.55,3934.0,5.260487756999999E8,company
